no;htobit;htobit_3;htobit_1;htobit_2;htobit_4;htobit_5
1;0;1455030.547;2;2;1;0
2;0.002285129;1097531.477;3;3;0;0
3;0.012875525;1172457.154;2;1;0;0
4;0.005907236;948667.4248;2;2;1;0
5;0.021980479;992517.1896;2;1;2;0
6;0.016691271;1206378.885;2;2;3;0
7;0.069258422;1073890.785;4;2;0;0
8;0.026909228;1211182.526;0;2;1;0
9;0;1689341.679;1;2;0;0
10;0.031384606;1201194.433;4;2;0;0
11;0.001669109;848357.3619;4;1;0;0
12;0.002182453;439871.9116;0;1;0;0
13;0.042863991;312990.103;4;1;0;0
14;0.002330882;715609.0808;4;1;0;0
15;0.033232182;742774.2699;1;2;1;0
16;0.014760464;1070156.103;4;2;0;0
17;0.011046137;603830.8943;0;1;0;0
18;0.002624185;1262105.808;2;4;0;0
19;0;549952.1302;3;2;0;0
20;0.021184852;1034559.563;4;1;0;0
21;0.006953863;648847.9234;4;2;0;0
22;0.00686353;931882.2445;4;2;0;0
23;0.021140942;1071097.492;2;2;0;0
24;0;386197.9051;4;1;0;0
25;0.121508569;443228.0215;4;1;0;0
26;0.00331792;2332785.988;1;2;1;0
27;0.019712457;1716681.501;1;2;2;0
28;0.035034284;893696.2089;4;3;0;0
29;0.005165568;1184768.353;4;2;0;0
30;0.035121851;718100.284;3;1;0;0
31;0.028355476;1257817.327;2;4;0;0
32;0.019685181;277366.0665;4;1;0;0
33;0.030785374;1290288.502;3;2;0;0
34;0.005985434;936273.0184;4;2;0;0
35;0.014261113;1347159.929;2;2;4;0
36;0.012717875;253815.9172;3;1;0;0
37;0;432547.9488;4;2;0;0
38;0.008219685;924123.3856;3;3;3;0
39;0.019527107;1396212.641;2;3;2;0
40;0.058253579;1060673.29;4;2;0;0
41;0.047332421;1105140.987;1;2;0;0
42;0;331791.8546;3;1;0;0
43;0.011346592;588017.8125;4;1;0;0
44;0.020289231;1437807.404;1;2;2;1
45;0.015436758;738496.7772;3;1;0;0
46;0;662480.0023;4;2;0;0
47;0.015824126;1549343.227;2;2;1;0
48;0.00259871;1269860.5;2;4;1;0
49;0;1109606.06;2;2;1;0
50;0.01380025;1449539.002;2;3;1;0
51;0.007577662;2191704.616;1;2;1;1
52;0.027020674;655202.2474;4;1;0;0
53;0.002806542;808112.1221;3;1;0;0
54;0.018439936;1093930.512;4;1;0;0
55;0.09507449;558825.2175;4;1;0;0
56;0.002068811;696051.7983;2;2;3;0
57;0.002273498;1108423.62;2;2;2;0
58;0.004278458;513269.2066;1;1;2;0
59;0.005272622;591736.2595;4;1;0;0
60;0.002307247;1867159.796;1;2;2;0
61;0.010872716;1652209.584;2;3;0;0
62;0;441620.8963;0;1;0;0
63;0.011721683;3363680.547;2;2;0;0
64;0.004526319;499301.7781;4;2;0;0
65;0;570895.2455;3;1;0;0
66;0.00807394;1018337.609;3;2;0;0
67;0;1960296.809;2;3;1;0
68;0.004649034;712405.9885;2;2;0;0
69;0;517886.1749;0;1;0;0
70;0.002561245;379502.9688;1;1;0;0
71;0;784966.7842;3;3;1;0
72;0.009056002;1159452.027;2;2;0;0
73;0.004201725;763972.1258;3;1;0;0
74;0.010215409;668402.1818;4;2;0;0
75;0.00189011;895186.4095;1;2;1;0
76;0.003269624;1843637.098;2;2;3;0
77;0;547461.8081;4;1;0;0
78;0.006103701;782475.6528;4;1;0;0
79;0.001212435;1702359.174;1;2;1;0
80;0.005983612;1520151.624;0;2;3;0
81;0.017570807;1533224.638;2;2;1;0
82;0.020161163;663057.078;2;1;0;0
83;0.024940023;1089173.218;4;2;0;0
84;0.002682418;621826.8198;3;3;0;0
85;0.018978579;1644591.505;4;2;0;0
86;0.011141696;549288.0214;4;1;0;0
87;0;915221.2164;2;4;0;0
88;0.017972898;1565023.694;1;2;0;0
89;0.009246298;1295221.197;2;3;1;0
90;0;1453565.952;2;4;0;0
91;0.002886051;831586.1367;0;2;0;0
92;0.008316122;1683957.985;2;5;0;0
93;0;1399121.069;4;3;0;0
94;0.001084497;608577.2455;4;2;0;0
95;0.00183409;582305.0649;4;1;0;0
96;0.007090308;937617.7971;3;3;1;0
97;0;437576.1569;0;1;1;0
98;0.000733114;851163.7566;1;2;0;0
99;0.007753447;498358.898;4;1;0;0
100;0.005751101;1412599.353;1;2;1;0
101;0.016300255;1275072.556;4;2;0;0
102;0.00279498;1365304.823;2;2;2;0
103;0.079237789;863905.8026;3;2;0;0
104;0.006633995;1257161.345;2;1;3;0
105;0;476337.135;3;1;0;0
106;0.008023858;991542.734;3;1;0;0
107;0;619530.153;4;1;0;0
108;0.001508182;954792.1601;1;2;1;0
109;0.024151132;2006613.586;2;2;3;0
110;0;712859.9744;1;2;0;0
111;0;684701.9875;0;1;0;0
112;0;862624.7885;2;2;1;0
113;0.062037006;1378128.73;4;1;0;0
114;0.010770375;1071829.12;4;2;0;0
115;0.011808312;487792.2153;4;1;0;0
116;0.003103076;1334159.706;4;2;0;0
117;0.007803107;1225153.404;3;2;0;0
118;0;1185630.768;2;2;0;0
119;0.005458731;1670717.883;4;2;0;0
120;0.00214604;458519.0255;2;1;0;0
121;0.016502803;1076908.041;1;2;0;0
122;0.009196853;1920222.792;3;3;0;0
123;0.047819577;1056470.61;3;2;0;0
124;0;297530.9082;1;1;0;0
125;0.032429107;341174.874;4;1;0;0
126;0.021163901;1432816.691;2;2;0;0
127;0.015624807;1698005.663;2;3;1;0
128;0.006693175;765556.243;2;2;2;0
129;0.007741127;1119991.948;0;2;1;0
130;0.015927151;876993.3129;0;2;0;0
131;0;1146768.313;1;3;3;1
132;0.007994638;492329.7674;1;1;2;0
133;0.020346966;1812162.277;3;2;0;0
134;0.004224794;877676.0531;3;2;0;0
135;0.0369795;668154.2644;3;2;0;0
136;0;782442.0733;4;2;0;0
137;0;1677042.56;3;3;0;0
138;0.010987489;1581707.356;2;4;0;0
139;0.011026401;873176.9391;0;2;1;0
140;0.001929318;945412.4118;1;2;0;0
141;0;1096803.224;3;4;0;0
142;0.037581965;861477.115;1;2;1;0
143;0.067954436;776329.3687;2;2;0;0
144;0.010114841;514887.0735;4;1;0;0
145;0.001868388;1101483.541;1;2;3;0
146;0.01144014;1432499.712;2;4;0;0
147;0.012478206;1180938.603;0;2;1;1
148;0.046429988;1455008.345;2;2;0;0
149;0.023124363;955355.9636;1;2;0;0
150;0.014885986;1793162.377;1;2;3;0
151;0.057528403;890759.7732;3;1;0;0
152;0.000854809;1347670.072;1;2;2;1
153;0.019055158;1948448.446;2;2;2;0
154;0.012261845;645906.0803;4;2;0;0
155;0.001779173;809364.6692;4;2;0;0
156;0;602519.939;0;1;0;0
157;0.00275173;1303906.605;4;3;0;0
158;0.004996954;1503315.608;1;2;2;0
159;0;1213859.476;4;2;0;0
160;0.039390072;1401673.253;4;1;0;0
161;0.016648198;822071.1079;4;2;0;0
162;0.005248904;955628.4209;4;2;0;0
163;0.013911278;929892.7672;4;1;0;0
164;0.013150345;1519580.538;1;2;2;0
165;0;703841.0195;3;1;0;0
166;0.010328872;2031973.432;2;2;3;0
167;0.019037882;956513.7597;4;2;0;0
168;0.006065402;997130.8949;2;3;2;0
169;0.007567984;2662268.611;1;2;1;0
170;0.002437035;1565837.331;1;2;2;0
171;0.004387777;1219752.16;1;2;4;0
172;0.005141573;1587062.289;2;3;1;0
173;0.020994041;1486135.893;1;2;2;0
174;0.002992175;1323451.52;3;4;0;0
175;0;1039144.71;2;4;4;0
176;0.033938721;1043409.808;2;2;3;0
177;0.003179281;1435230.489;4;2;0;0
178;0;417290.0837;4;1;0;0
179;0.01465773;1079020.636;4;2;0;0
180;0.019639082;1601246.634;4;2;0;0
181;0.003309425;902876.2315;4;3;0;0
182;0.050209858;1462183.239;4;2;0;0
183;0.037919838;1097472.864;3;3;2;0
184;0.015339365;480072.1778;4;2;0;0
185;0.05426082;1850101.105;2;3;1;0
186;0.01163938;2276409.914;4;2;0;0
187;0.023625772;1121995.371;4;3;0;0
188;0.004078381;538449.1414;4;2;0;0
189;0.071384266;1721724.784;1;2;2;0
190;0.013381759;781960.1798;2;1;0;0
191;0.010446697;1304910.497;3;4;0;0
192;0.018829318;1315129.987;3;3;0;0
193;0;1541086.488;2;2;0;0
194;0.004148777;1154075.158;1;2;2;0
195;0.001941495;1001290.391;1;2;0;0
196;0.002582451;776006.6365;1;2;0;0
197;0;509569.8085;4;1;0;0
198;0.016240863;1284906.411;4;2;0;0
199;0.003643397;978208.3979;4;2;0;0
200;0;1017729.842;1;2;2;1
201;0.009477485;877448.414;1;2;1;0
202;0.020837277;1151206.134;1;2;0;0
203;0.023609962;1155275.449;3;3;0;0
204;0.019779004;1155771.346;1;2;2;0
205;0.009394657;964378.0848;3;4;0;0
206;0.002526067;1401388.556;1;2;2;0
207;0.030116078;1444543.385;3;2;0;0
208;0.0160111;674532.3158;4;1;0;0
209;0.009671299;1239544.293;2;4;0;0
210;0.038898576;882603.1217;1;2;2;0
211;0.000609583;1082706.744;1;2;2;0
212;0;1361949.647;2;4;0;0
213;0;886300.0838;3;2;0;0
214;0;1165338.396;2;2;0;0
215;0.009456697;1115399.98;0;2;0;1
216;0.032646343;1442427.528;1;2;1;0
217;0.02149407;1477803.003;2;4;1;0
218;0.034889303;1212406.367;1;2;2;0
219;0.00356096;909867.3304;3;2;0;0
220;0.003662456;648745.2125;4;1;0;0
221;0;896379.846;3;3;0;0
222;0.006375472;739709.8476;4;2;0;0
223;0.007006748;1556784.345;1;2;0;0
224;0.018847927;759553.0006;1;2;0;0
225;0.077423431;1158719.154;3;1;0;0
226;0.055638641;1772580.731;3;4;1;0
227;0.047160111;1521116;1;2;2;0
228;0;961413.8498;1;2;2;0
229;0;1061576.977;1;2;1;1
230;0.021543523;1303965.051;1;2;1;0
231;0.00924074;1634933.508;3;3;0;0
232;0;972549.1155;2;3;0;0
233;0;677260.8413;3;2;1;0
234;0.008045818;924704.3532;1;2;1;0
235;0.027320197;899115.2712;0;2;0;0
236;0.005938857;266717.9546;4;1;0;0
237;0;507726.9729;4;2;0;0
238;0;1053969.866;1;2;3;0
239;0.014211155;1590862.792;3;2;0;0
240;0.103895009;666441.7534;4;2;0;0
241;0.009579233;1761519.179;3;3;0;0
242;0.012159203;1132969.296;3;3;1;0
243;0;924186.8422;4;2;0;0
244;0.003457429;1159243.061;2;2;1;0
245;0.011055086;1321021.606;2;3;2;0
246;0;729385.0674;4;2;0;0
247;0.0180835;1228301.599;3;2;0;0
248;0;742869.1969;4;3;0;0
249;0;216234.0673;4;1;0;0
250;0.009262844;477823.0954;4;1;0;0
251;0.017321626;648437.7956;2;1;0;0
252;0.01173795;3038351.095;1;2;2;0
253;0.003130586;517474.9239;4;2;0;0
254;0.001724716;1071480.615;0;2;1;2
255;0.031958375;1366997.242;3;4;0;0
256;0.017623208;1743156.644;1;2;1;0
257;0;175522.9853;2;1;0;0
258;0.005486139;1065229.908;4;2;0;0
259;0;1746719.487;4;2;0;0
260;0.047601126;677631.0352;4;2;0;0
261;0.029106386;743341.8869;4;2;0;0
262;0.011491004;820816.1178;1;2;1;0
263;0;839007.2227;1;2;1;0
264;0.065734342;403077.1411;1;1;0;0
265;0.002242137;1279136.824;2;1;0;0
266;0.016869102;403340.9287;4;1;0;0
267;0;302698.9084;4;1;0;0
268;0.002522089;366363.1693;4;1;0;0
269;0.007907536;689215.852;1;1;0;0
270;0.008612154;1262401.938;4;2;0;0
271;0.060724132;1207822.466;1;2;3;0
272;0.004121336;1109348.947;4;2;0;0
273;0;823073.6555;0;2;0;0
274;0.001260985;1608266.637;2;2;0;0
275;0.050857496;764960.7202;4;2;0;0
276;0.032833915;1137725.818;2;2;1;0
277;0.002891227;1141383.863;0;2;0;0
278;0.004395264;827253.8584;2;3;2;0
279;0.003951008;1108577.964;3;2;0;0
280;0.031444691;1583128.939;2;2;2;0
281;0.062942468;1222830.498;4;2;0;0
282;0.001734542;1124215.713;1;2;2;0
283;0.015392792;1474975.75;3;2;0;0
284;0.015916081;1464368.574;1;2;3;0
285;0.021317344;1218163.039;1;2;2;0
286;0;1027178.38;1;3;2;0
287;0.009079019;979401.361;3;3;0;0
288;0;1413701.759;2;3;0;0
289;0.00759174;1496889.321;3;2;0;0
290;0;1055992.143;0;2;1;0
291;0.01090923;1178084.809;2;2;0;0
292;0;1758363.767;1;2;1;1
293;0;764743.3531;4;2;0;0
294;0.016083479;1287035.436;1;2;2;0
295;0.002706684;1328562.942;1;2;1;1
296;0.015556537;1037505.89;2;2;2;0
297;0.000805344;2663457.099;2;2;1;0
298;0;801285.955;4;2;0;0
299;0;338811.1549;4;1;0;0
300;0.015486803;1262235.808;1;2;3;0
301;0;688422.9625;4;2;0;0
302;0.04053447;828036.0584;1;2;0;0
303;0.009854009;1049724.669;2;3;0;0
304;0.006503376;1254733.477;1;2;1;0
305;0.001324318;1531354.168;1;2;2;0
306;0;1302640.091;1;2;3;0
307;0;312985.0287;0;1;1;0
308;0.01430581;913474.6207;2;3;0;0
309;0.01996801;1321713.431;1;2;0;0
310;0.001667135;1220056.969;2;2;2;0
311;0;1175825.355;4;3;0;0
312;0;1497016.378;2;2;2;0
313;0.006419323;1727285.226;1;2;2;0
314;0;997792.016;1;2;3;0
315;0.011345906;792180.3241;4;3;0;0
316;0.093925223;706775.0454;4;1;0;0
317;0;849285.8576;4;3;0;0
318;0.024675215;1636702.591;4;2;0;0
319;0.002113964;789039.2299;3;2;0;0
320;0.004472225;1060545.844;1;2;2;0
321;0.009539447;345932.1037;4;1;0;0
322;0.003317054;1175742.377;2;4;0;0
323;0;795199.6814;4;3;0;0
324;0.027021836;1322486.334;2;3;0;0
325;0;754762.7245;1;1;2;0
326;0.005123911;896970.7451;2;5;0;0
327;0;865909.3384;2;1;1;0
328;0.029329069;2007700.837;4;7;0;0
329;0.005688879;2546020.123;1;2;3;0
330;0;810732.8066;4;3;0;0
331;0.003873049;1735066.272;1;2;0;0
332;0;747337.3473;2;2;1;0
333;0;420121.9737;4;1;0;0
334;0;1278335.614;1;2;2;0
335;0;748006.1745;3;4;0;0
336;0.012515273;1452625.008;2;2;3;1
337;0.011943283;1520184.968;4;3;0;0
338;0.040065005;1634868.023;2;3;0;0
339;0;787134.7313;3;2;0;0
340;0;1251497.245;0;2;0;0
341;0.060991481;650058.1656;3;2;0;0
342;0.009862083;790908.3591;4;2;0;0
343;0.010254153;1049720.664;2;2;1;0
344;0;759120.677;4;1;0;0
345;0;1727977.217;1;3;0;0
346;0.04224937;1892761.587;2;3;1;0
347;0.000566122;1653352.34;1;2;2;0
348;0.007568363;1331860.002;1;2;2;1
349;0.011563417;1940256.254;1;2;4;0
350;0;370428.0094;4;1;0;0
351;0.003716751;1236564.206;3;2;0;0
352;0;1493215.055;3;5;0;0
353;0.004680153;833305.6851;4;2;0;0
354;0;1350186.344;2;3;1;0
355;0.00553465;1543728.322;2;2;2;0
356;0;562371.9309;2;1;0;0
357;0.022396779;2961272.767;4;2;0;0
358;0.036401495;1277420.386;2;2;1;0
359;0.029830871;1420809.811;3;2;0;0
360;0.075174868;1088981.073;4;2;0;0
361;0.030106252;1382736.417;4;2;0;0
362;0.046488363;1473401.147;4;2;0;0
363;0.021714561;748529.9598;3;2;0;0
364;0.02117292;827661.0469;4;2;0;0
365;0.015645277;2044386.244;4;3;0;0
366;0.14580816;400635.9082;4;2;0;0
367;0.014991634;1053053.573;1;2;0;0
368;0.013130337;1194638.09;4;2;0;0
369;0.042707745;1520099.435;4;2;0;0
370;0;1304501.134;0;2;0;0
371;0.015880486;890337.6743;1;2;1;0
372;0.029707391;880184.8241;3;3;0;0
373;0.017149016;1388651.445;3;2;0;0
374;0;772396.9166;4;2;0;0
375;0.001259232;1000609.776;3;2;0;0
376;0.023320047;993480.2859;4;1;0;0
377;0.013844404;778365.0764;4;2;0;0
378;0;595176.7464;4;2;0;0
379;0.007555321;2333190.922;3;3;0;0
380;0;456707.0377;4;1;0;0
381;0.022550937;934417.6282;4;2;0;0
382;0.026946163;1328872.13;4;2;0;0
383;0.021010764;1358160.967;1;2;1;0
384;0.007732664;1030433.82;4;2;0;0
385;0.016989011;1904996.066;1;2;3;0
386;0.009194002;991516.2573;1;2;2;0
387;0.027355678;1850475.194;1;2;2;0
388;0.001159292;1904609.138;2;3;0;0
389;0.0318067;1335944.739;1;2;1;0
390;0.008308488;908949.7487;0;2;0;0
391;0.005356365;1384520.422;3;5;0;0
392;0.034105986;2228933.902;3;3;0;0
393;0.009519202;1118160.575;4;2;0;0
394;0.019388802;589825.1664;4;1;0;0
395;0.019772328;733600.6886;4;1;0;0
396;0.016787281;1383190.117;4;3;0;0
397;0.012080718;1578383.249;1;2;2;0
398;0.005369623;1165445.091;1;2;1;0
399;0.002787241;555388.2592;4;2;0;0
400;0.017793991;1166686.135;3;4;0;0
401;0.013800875;560834.2632;4;1;0;0
402;0.003037378;1355115.385;1;2;2;0
403;0.009035443;1081075.514;1;2;2;0
404;0.001501113;951293.8363;1;2;2;0
405;0;848527.2808;0;2;1;1
406;0.00663002;1725485.701;2;4;0;0
407;0.018345635;1461165.647;1;2;0;1
408;0.006337456;443080.1028;2;1;0;0
409;0.006041998;587884.9233;2;2;0;0
410;0.023094032;827702.8819;4;2;0;0
411;0.002089745;1435582.299;2;1;2;0
412;0.002126766;2279516.496;2;4;3;0
413;0.011180075;1425392.988;2;2;0;0
414;0.020962004;738479.1702;3;1;0;0
415;0;1009497.833;2;3;1;0
416;0.093509294;466991.2054;4;1;0;0
417;0.031285521;629045.1255;4;1;0;0
418;0.036228575;1275898.49;3;2;0;0
419;0.020605458;1498437.58;2;2;0;0
420;0;1039959.636;4;2;0;0
421;0;474096.9602;0;2;1;0
422;0;527239.0432;4;1;0;0
423;0.0302478;1504473.028;1;2;0;1
424;0.005642642;871932.0686;1;1;0;0
425;0.000936875;2612942.725;1;2;3;1
426;0.005477526;571791.0202;4;1;0;0
427;0.017925967;886311.9173;1;2;1;0
428;0.020245751;1590556.354;2;2;2;0
429;0.010475658;1384924.518;1;2;2;0
430;0;1471950.348;1;2;3;0
431;0.000854186;2341409.322;2;2;2;0
432;0.007241678;1719767.034;1;2;2;0
433;0;1501249.671;4;2;0;0
434;0.00283411;1016191.662;4;2;0;0
435;0;964696.3544;2;2;0;0
436;0.011551823;557833.7689;4;2;0;0
437;0;967484.3138;4;2;0;0
438;0.014053661;1314105.7;2;2;2;0
439;0.013127004;1440541.431;4;2;0;0
440;0.000959143;1238606.043;1;1;0;0
441;0.022498094;1359403.674;2;3;0;0
442;0.013239595;1775583.847;2;2;2;0
443;0.009788914;943925.0158;4;2;0;0
444;0.021894872;678104.2476;4;2;0;0
445;0.022203982;2135743.871;2;2;3;0
446;0.0116533;1303665.388;1;2;2;0
447;0.04553549;1365088.699;4;2;0;0
448;0.02891911;748467.1433;4;1;0;0
449;0;650012.2914;0;2;0;0
450;0.011497376;1022842.081;2;2;2;0
451;0;735222.0891;4;2;0;0
452;0.027179599;1417680.526;1;2;0;0
453;0.009673926;2170059.781;2;2;2;0
454;0.009321867;1433511.011;3;2;0;0
455;0.010785976;738736.9775;4;2;0;0
456;0.007183799;616387.2557;1;1;0;0
457;0.012623695;1400223.64;1;2;1;1
458;0;576566.9834;0;1;0;0
459;0;848563.6964;0;2;1;0
460;0;929606.3702;4;2;0;0
461;0.010338899;1067812.359;0;2;0;0
462;0.006920192;808069.736;3;3;1;0
463;0.007164708;1001575.949;2;3;1;0
464;0.004272177;1120739.873;1;2;2;0
465;0.00677825;970161.8952;2;1;2;0
466;0;502245.0628;4;2;0;0
467;0;1757621.054;2;4;1;0
468;0.01922421;1864732.551;2;2;2;0
469;0.01015913;1607617.986;2;2;3;0
470;0.072403818;1054751.152;4;1;0;0
471;0;942175.7554;0;2;0;1
472;0;810307.6718;1;2;0;0
473;0.008875843;2672420.817;4;2;0;0
474;0.011746768;549598.2233;4;1;0;0
475;0.0026637;720802.23;4;2;0;0
476;0.020168155;460527.8948;0;1;0;0
477;0;2206677.268;1;2;2;0
478;0.016190384;1451972.663;2;3;1;0
479;0.008915847;2186556.307;2;2;3;0
480;0.013619817;1376229.583;3;2;2;0
481;0.008567612;554647.2307;4;2;0;0
482;0;471743.135;4;1;0;0
483;0.003537952;898824.6382;3;2;0;0
484;0;420883.9169;4;2;0;0
485;0.004146396;546981.1648;4;1;0;0
486;0.001851601;641606.7169;1;2;1;0
487;0.01431724;817475.718;3;2;0;0
488;0.003001466;599706.9257;4;2;0;0
489;0.011094276;958331.6804;0;2;0;1
490;0.019171624;3212089.974;2;2;2;0
491;0.027985498;1335263.293;1;2;2;0
492;0.004392465;726698.7662;1;1;0;0
493;0.033604525;2449312.709;1;2;1;0
494;0.003954552;546206.0331;4;1;0;0
495;0.016274726;1249975.239;3;3;0;0
496;0.016224634;906646.0065;2;2;0;0
497;0.01706323;2448070.353;4;2;0;0
498;0.018404026;918712.1666;4;2;0;0
499;0.017698392;1589296.332;4;2;0;0
500;0.009508476;1065154.736;4;2;0;0
501;0.00286624;2069609.544;1;2;0;0
502;0.057969764;1019911.135;2;3;1;0
503;0.012085011;849813.2936;4;2;0;0
504;0;1223656.434;1;3;0;0
505;0;465235.7961;1;1;0;0
506;0.004658488;965119.6501;1;2;1;0
507;0.014552958;707485.1589;2;1;0;0
508;0;1085495.115;0;2;0;0
509;0.023989104;652046.2595;4;1;0;0
510;0.020247785;384041.983;2;1;0;0
511;0.015550682;777072.3104;4;1;0;0
512;0.018613759;982498.8218;4;2;0;0
513;0.023631852;1854022.209;2;2;1;0
514;0.088895403;968958.9324;4;2;0;0
515;0;819763.1568;4;2;0;0
516;0.019199189;3476447.615;2;4;1;0
517;0.0138482;1782470.388;1;2;2;0
518;0.038020331;1610611.934;2;3;0;0
519;0;672723.2579;4;2;0;0
520;0.003408073;827447.1691;0;2;0;0
521;0;1450047.81;4;2;0;0
522;0.005594865;1474209.327;2;2;3;0
523;0.04599788;599244.9882;4;2;0;0
524;0;858779.2092;4;2;0;0
525;0.028080409;1461161.467;0;2;0;0
526;0.006177698;675979.9698;0;2;0;0
527;0.021371264;1198806.051;2;5;0;0
528;0.018959185;1298789.711;2;2;0;0
529;0;173413.0742;4;1;0;0
530;0.00508948;506928.1775;1;1;0;0
531;0.000920074;912970.3598;2;2;1;0
532;0.010391274;1692959.203;3;5;0;0
533;0.011468584;832883.8051;4;2;0;0
534;0.031526916;1407463.907;2;3;0;0
535;0.023046773;843501.5998;2;2;0;0
536;0.007815217;813797.2642;2;4;0;0
537;0.048741601;830420.3599;4;2;0;0
538;0.02691289;1847738.327;1;2;2;0
539;0.001614855;869427.7496;2;2;2;1
540;0.018358458;1139965.33;2;3;1;0
541;0;1012513.755;4;2;0;0
542;0.002892683;1630320.137;1;2;2;0
543;0.021402182;1393129.559;4;2;0;0
544;0.015101267;414005.1964;1;1;2;0
545;0.011421718;1013857.807;4;2;0;0
546;0;1205881.975;1;2;0;0
547;0.011484034;838033.2184;0;2;1;0
548;0.001383773;1717044.988;4;3;0;0
549;0.017175414;1216390.367;4;2;0;0
550;0.032250136;1033670.003;2;2;0;0
551;0.017074108;2318774.691;2;3;1;0
552;0.003137004;1051959.487;1;2;0;0
553;0;1135675.894;2;3;0;0
554;0.010393983;1962674.365;1;2;2;0
555;0.006370311;1397734.079;1;2;1;1
556;0.001595674;541464.1235;0;1;0;0
557;0.010681987;534731.9305;2;1;0;0
558;0;1210816.423;3;3;0;0
559;0;851442.2266;1;2;4;0
560;0.017256318;1061871.626;4;2;0;0
561;0.01551266;488890.8455;4;1;0;0
562;0.019123409;988944.7735;1;2;1;1
563;0.00280871;756218.8387;4;2;0;0
564;0.002419607;719124.8407;4;2;0;0
565;0.00640056;1349882.496;1;2;2;0
566;0.021051627;628169.8749;4;2;0;0
567;0;209874.0618;4;1;0;0
568;0.002473037;727850.1136;4;1;0;0
569;0.014870317;1665868.492;3;4;1;0
570;0.005395722;3509077.442;2;5;0;0
571;0.005527951;1396720.047;2;2;0;0
572;0;391265.9967;1;1;0;0
573;0.007714697;1247488.675;1;2;4;0
574;0.020453338;891785.7036;4;3;0;0
575;0;887475.7488;4;2;0;0
576;0;1494391.776;4;1;0;0
577;0.003277872;1735271.465;2;2;2;0
578;0.009005416;571655.8012;2;2;0;0
579;0.005413671;1513390.668;1;2;2;0
580;0.017601751;1081255.953;4;2;0;0
581;0;888513.1491;3;3;0;0
582;0.002606848;727315.1346;3;2;0;0
583;0;1357276.604;1;2;2;0
584;0.0198665;1140814.715;4;2;0;0
585;0.030708089;1185616.069;2;3;1;0
586;0.012606284;799046.2642;4;2;0;0
587;0;628029.7083;1;1;0;1
588;0.029218528;822217.7267;2;3;0;0
589;0.007649556;3024229.252;2;3;1;0
590;0.002379819;781571.7482;4;2;0;0
591;0.013378059;804600.8669;2;4;0;0
592;0.00999093;2336118.77;2;3;0;0
593;0.010583182;785774.9422;4;2;0;0
594;0.044627585;336114.8791;4;1;0;0
595;0.010511294;744913.063;4;2;0;0
596;0;738906.785;1;1;0;0
597;0.000243251;1479953.814;2;4;1;0
598;0.033032142;603048.8102;4;2;0;0
599;0.009955594;1172808.303;3;2;0;0
600;0.013036961;1250905.399;2;3;0;0
601;0.034607142;1017709.46;3;2;0;0
602;0.018207213;2040510.063;1;2;3;0
603;0.013359133;1231516.606;0;2;0;0
604;0.061493043;2066249.034;4;3;0;0
605;0.00316247;1366021.142;1;2;2;0
606;0.008890091;1205387.568;2;4;0;0
607;0.041135117;466171.1324;4;2;0;0
608;0.047748066;429253.058;4;1;0;0
609;0.010628513;1495975.971;1;2;1;0
610;0;638564.9329;4;2;0;0
611;0;327354.8687;3;1;0;0
612;0.02320889;1063558.063;3;2;0;0
613;0.007824915;1512093.713;2;3;2;0
614;0.030295657;1241266.657;3;4;0;0
615;0.066311911;1168297.235;2;3;0;0
616;0.004208857;1107188.588;2;2;2;0
617;0.043816447;235527.9896;4;1;0;0
618;0.002594082;1290629.4;1;2;1;0
619;0.047119677;841346.8866;2;3;0;0
620;0.010311518;644328.0122;4;1;0;0
621;0.017348541;857708.6308;1;2;3;0
622;0.012482446;859446.9502;4;2;0;0
623;0.020777483;1292505.331;3;3;0;0
624;0.003799815;849515.1021;3;2;0;0
625;0.01068609;650190.8471;4;3;0;0
626;0.08397682;1119285.084;4;2;0;0
627;0.004882684;1377520.35;3;6;0;0
628;0.025711171;799807.8948;4;2;0;0
629;0.06641864;1534523.619;1;2;1;1
630;0.008048355;1723581.204;4;2;0;0
631;0.016540371;1003604.887;1;2;2;0
632;0.036831263;1038357.159;4;2;0;0
633;0.039838064;798833.6861;4;2;0;0
634;0.021192877;955321.3425;4;2;0;0
635;0.009850429;733369.1522;4;2;0;0
636;0.005222697;1194785.068;2;2;0;0
637;0.020130536;965101.2421;2;3;1;0
638;0.005337686;517077.8068;4;1;0;0
639;0.048164576;427284.8416;4;1;0;0
640;0.010860084;640878.9881;1;2;1;0
641;0.02954006;1256056.424;3;3;0;0
642;0.005026231;954989.7723;3;2;0;0
643;0.018470962;1390940.432;2;2;2;0
644;0.002784517;1370435.426;0;2;1;1
645;0.046258371;1204582.005;2;3;0;0
646;0.039683811;1061389.7;4;2;0;0
647;0.0118603;1325093.322;2;4;2;0
648;0.002520579;1582176.548;1;2;2;1
649;0.031581432;2518062.515;2;3;1;0
650;0.08383178;2814743.936;1;2;0;1
651;0.036530618;875429.8673;4;1;0;0
652;0.027242906;1235550.441;1;2;2;0
653;0.006604522;2183957.531;2;4;0;0
654;0.027832035;814528.6765;4;2;0;0
655;0.024087749;756234.705;2;2;2;0
656;0.045180239;1115531.89;1;2;0;0
657;0.090566799;716289.1319;4;2;0;0
658;0.019908054;2079710.021;3;3;0;0
659;0.006587945;1142086.167;3;3;0;0
660;0.006704132;545932.107;0;1;0;0
661;0.004820838;731823.0224;4;2;0;0
662;0.003365679;1454683.682;1;2;0;0
663;0.039726105;1341384.537;2;4;0;0
664;0.003170449;1056002.213;1;2;1;0
665;0.008435044;1240538.856;1;2;3;1
666;0.038517203;974889.214;4;2;0;0
667;0.005843157;813258.8307;1;1;0;0
668;0.003852531;1021666.355;2;2;1;0
669;0.008895392;1227602.473;2;2;4;0
670;0.005168317;1843540.398;2;3;3;0
671;0.03376225;752437.7668;4;2;0;0
672;0.004028077;771584.1215;4;2;0;0
673;0.032611895;989087.1966;3;2;0;0
674;0.094365656;786409.1679;4;2;0;0
675;0.013899619;648507.0599;1;1;0;0
676;0.000101545;1418091.595;2;2;3;0
677;0.028532673;937031.3971;4;2;0;0
678;0.071474656;751650.9925;3;3;0;0
679;0.044420239;585678.9871;4;2;0;0
680;0;872105.0459;1;2;2;0
681;0.005242532;775960.7543;4;2;0;0
682;0.015095783;470595.0671;3;1;0;0
683;0.018071238;584353.9391;1;1;0;0
684;0.007710615;988248.0451;0;2;0;1
685;0;542776.802;4;1;0;0
686;0.014955552;809599.3518;1;2;2;0
687;0.013529407;718435.2458;4;2;0;0
688;0.09980084;932937.7431;4;2;0;0
689;0.029180851;1375490.858;4;2;0;0
690;0.073364794;1241112.777;4;1;0;0
691;0.005788465;891427.7263;4;4;0;0
692;0.058455057;578701.0697;4;2;0;0
693;0.00538396;1232550.57;0;2;2;0
694;0.004247028;777013.7678;1;1;0;0
695;0.009733328;1708767.782;1;2;3;0
696;0.00677942;617751.9482;1;1;2;0
697;0.012259523;1080302.545;2;3;0;0
698;0.023797885;1084088.144;3;3;0;0
699;0;808337.9616;3;1;0;0
700;0.026194414;726109.2335;4;1;0;0
701;0.027838307;1407485.383;3;2;0;0
702;0.017018097;1993760.712;1;2;0;0
703;0.055262621;531968.9899;4;1;0;0
704;0.062226154;978431.3845;4;1;0;0
705;0.001722603;1532563.868;3;2;0;0
706;0;265436.0081;4;1;0;0
707;0;722402.9217;2;3;1;0
708;0.015494757;1273463.582;1;2;2;0
709;0;753328.093;1;2;3;2
710;0.001991058;1121012.456;2;2;1;0
711;0.008932989;668981.2262;4;1;0;0
712;0;460643.8565;1;1;1;0
713;0.003779457;482608.8384;1;1;0;0
714;0.002833014;1092829.391;1;2;0;1
715;0.003645961;819537.2514;4;2;0;0
716;0.02575339;578254.2095;1;1;0;0
717;0.059042096;592898.7781;4;2;0;0
718;0.022986278;1021391.629;3;2;0;0
719;0.032594893;604020.9573;4;1;0;0
720;0.045205563;1191755.737;4;1;0;0
721;0;377691.902;4;1;0;0
722;0.005630361;338877.0769;1;2;0;0
723;0.028559374;639929.9026;1;2;0;0
724;0.018759158;786175.9592;4;2;0;0
725;0.005206786;343397.8525;4;2;0;0
726;0.034725867;1282818.832;0;2;1;1
727;0.021172941;1204886.47;4;3;0;0
728;0.010419485;443400.0918;4;2;0;0
729;0.044599928;1184845.188;2;4;1;0
730;0.009586051;817854.6942;1;2;0;0
731;0.074288711;887617.9491;4;2;0;0
732;0.037355892;751527.7078;4;2;0;0
733;0.015205604;466406.8169;4;1;0;0
734;0.0148535;1017134.079;2;1;1;0
735;0.001431344;679082.1014;4;2;0;0
736;0.003147258;484231.1848;4;1;0;0
737;0;607491.735;4;2;0;0
738;0.000796143;1040014.186;4;1;0;0
739;0.003807454;1446636.133;4;1;0;0
740;0.01724278;984991.5448;4;2;0;0
741;0.013709356;328243.0029;2;1;0;0
742;0;844692.1851;2;3;1;0
743;0.000771229;669062.2559;1;2;0;0
744;0.001462567;656379.8962;1;2;2;0
745;0.006425093;1353599.028;3;3;0;0
746;0.017465744;1511244.587;1;4;3;0
747;0.007237646;2065864.816;1;2;2;0
748;0;1052911.98;2;3;1;0
749;0.029042877;1366909.899;4;2;0;0
750;0.006154535;660976.1559;4;2;0;0
751;0;476428.9065;4;1;0;0
752;0.001083091;1318449.033;1;2;1;0
753;0.039602377;2002001.243;4;3;0;0
754;0.042957731;1061787.577;2;2;0;0
755;0.051989846;1453803.016;4;3;0;0
756;0.016364824;1149049.732;2;2;0;0
757;0.0016256;1476377.436;2;2;2;0
758;0.003220205;1076950.15;1;2;2;0
759;0;723312.2015;4;2;0;0
760;0.039384775;771033.9095;3;4;0;0
761;0.008752984;737576.8496;4;2;0;0
762;0.061496455;1103218.159;2;2;0;0
763;0.013891482;348126.9778;4;1;0;0
764;0;426895.8653;4;1;0;0
765;0.011511765;1407255.872;3;3;0;0
766;0;547860.838;1;1;0;0
767;0.00837608;1478496.562;0;2;1;1
768;0.005880251;889757.9332;2;2;1;0
769;0.003140767;2345924.212;2;3;0;0
770;0;994357.0699;1;1;0;0
771;0.013738004;1183578.055;2;3;0;0
772;0;948318.2672;0;2;2;0
773;0.00933469;1084020.944;3;1;0;0
774;0.009012816;726520.6783;4;2;0;0
775;0.028870586;1775648.194;2;2;1;0
776;0.013643745;864571.758;4;2;0;0
777;0;702966.2729;2;1;0;0
778;0.025296964;425980.0157;4;1;0;0
779;0.005413619;1817638.6;1;2;2;0
780;0.028153455;1089883.932;3;3;0;0
781;0.010571135;1137437.239;1;2;2;0
782;0.007022711;780895.2498;4;2;0;0
783;0.019674513;412920.0595;4;1;0;0
784;0.012870923;1956037.149;3;6;1;0
785;0.017411843;929711.8746;0;2;1;0
786;0.056897216;1049611.551;1;2;2;0
787;0.029510124;2836246.759;1;2;3;0
788;0.015913719;727673.8255;4;2;0;0
789;0.003899299;723206.6692;4;2;0;0
790;0.003370597;1424080.45;3;2;2;0
791;0.057377782;939021.8188;4;3;0;0
792;0.038821455;1421585.077;2;3;0;0
793;0.004763961;1002526.801;0;2;2;0
794;0.0060257;1991470.843;2;4;0;0
795;0;1099567.077;1;2;2;0
796;0.025125338;1157875.21;4;2;0;0
797;0.00943594;1307341.945;1;2;2;0
798;0.068919808;991239.24;4;2;0;0
799;0.005871284;1101632.716;2;1;0;0
800;0.014455913;467352.0844;4;2;0;0
801;0.016735215;985945.458;4;2;0;0
802;0.065379158;623685.1516;4;1;0;0
803;0;385894.1713;1;1;0;0
804;0.027488071;457070.8667;4;2;0;0
805;0.032152772;833022.8191;0;2;0;2
806;0.006327156;601218.1369;3;2;0;0
807;0.065866627;1383006.773;4;2;0;0
808;0.023415901;1044931.389;1;2;0;0
809;0.003811068;1209109.789;4;1;0;0
810;0.030334355;1001240.738;0;2;0;1
811;0;1127801.28;1;2;1;1
812;0.041241322;754485.6532;4;2;0;0
813;0.025513053;787831.6616;1;2;3;0
814;0.003151567;1294593.858;2;2;5;0
815;0.00159099;1493410.161;2;3;1;0
816;0.025035782;998410.7273;2;2;0;0
817;0.009592308;1065853.843;0;2;1;0
818;0.015017183;831047.8217;4;2;0;0
819;0.003910332;1009632.624;0;2;1;0
820;0.043428663;1660309.409;2;4;1;0
821;0.021406574;932236.9081;4;2;0;0
822;0;1021333.186;1;2;2;0
823;0.011281936;946645.724;3;3;0;0
824;0.040404737;693779.9844;3;2;0;0
825;0.010487302;492404.8967;4;1;0;0
826;0.01997968;1843473.59;2;3;2;0
827;0.005772062;1330547.303;1;2;0;0
828;0.003877572;1315255.413;3;2;0;0
829;0.066043578;879600.7888;4;3;0;0
830;0.010491099;1426924.45;2;2;1;0
831;0.018446738;1434399.903;2;4;1;0
832;0.009083992;1477214.015;4;2;0;0
833;0.019069403;1008106.681;1;2;0;0
834;0.004049185;2003366.828;2;2;2;0
835;0.026119811;365239.8555;4;2;0;0
836;0.021100631;1530285.519;1;2;2;0
837;0.018266996;1990475.903;4;2;0;0
838;0.04575672;1870676.35;1;2;0;1
839;0.020808402;1083023.784;2;3;1;0
840;0.013281006;913485.0746;1;1;1;0
841;0;927392.6559;4;2;0;0
842;0.011693534;552099.8432;0;1;2;0
843;0.01151753;1490770.556;1;2;1;1
844;0.018071251;1670719.476;2;2;2;0
845;0.010234982;860577.9669;4;1;0;0
846;0.019760165;913959.9842;1;2;1;0
847;0.05523188;1119787.958;1;2;0;1
848;0.046437643;827949.1985;4;3;0;0
849;0.0107148;1006084.953;1;2;2;0
850;0;765952.7852;4;2;0;0
851;0.025853684;860535.291;2;1;0;0
852;0.007726568;712864.7333;4;2;0;0
853;0;845078.943;4;2;0;0
854;0;1444332.624;2;2;0;0
855;0.007511673;646992.9736;4;1;0;0
856;0.035880353;424745.1955;4;1;0;0
857;0.00683787;1375867.387;2;2;2;0
858;0.001519835;2163393.736;1;2;2;0
859;0.024252515;1236243.483;1;2;2;0
860;0.001120456;2141985.595;2;2;2;0
861;0.000762617;2609436.49;2;4;0;0
862;0;895020.8039;2;2;0;0
863;0;400750.1653;4;1;0;0
864;0.085262902;1287722.971;1;2;0;0
865;0;956551.1607;2;2;0;0
866;0.003501452;1430263.724;1;2;0;1
867;0.003635655;1109015.74;2;4;2;0
868;0.006990017;858367.3532;3;2;0;0
869;0.003751206;1551500.501;2;4;0;0
870;0.011255487;1621608.66;1;2;3;0
871;0.012812954;1005856.623;1;2;1;0
872;0.003317157;602925.7487;1;3;0;0
873;0;642392.857;0;1;0;0
874;0.015476951;1025007.938;4;5;0;0
875;0.009481705;365757.1281;3;2;0;0
876;0;877824.2177;4;2;0;0
877;0.009249443;1140392.662;1;1;2;0
878;0.006642374;1503077.637;1;2;0;1
879;0.013373083;1659752.148;1;2;1;0
880;0;1017093.339;1;1;2;0
881;0;818486.7115;3;2;0;0
882;0;1600947.356;2;3;2;0
883;0.019421;2424386.123;3;3;2;0
884;0.028062066;1928012.277;2;2;4;0
885;0.01957294;919636.9723;4;1;0;0
886;0.01357122;1270629.739;1;2;1;0
887;0.003618232;530646.0117;3;1;0;0
888;0.002925477;2366793.813;2;4;0;0
889;0;1543498.673;4;3;0;0
890;0.018724604;1403234.096;2;3;0;0
891;0.00706381;594579.9256;4;2;0;0
892;0.012046015;1078863.205;2;5;1;0
893;0.015712371;1092133.421;2;3;0;0
894;0.02285186;1921244.911;2;2;3;0
895;0.00481316;575921.2632;1;2;2;0
896;0.007592455;810804.7151;2;2;0;0
897;0.014939967;1732534.793;1;2;2;0
898;0.047723923;362333.9499;1;2;1;0
899;0.018530868;1282185.272;2;3;0;0
900;0.010801183;1996447.295;2;2;2;0
901;0.010846345;1293338.857;2;2;2;0
902;0.034649298;754300.7557;4;2;0;0
903;0.025757248;1342690.001;2;4;5;0
904;0.018614417;468669.2025;4;1;0;0
905;0.015308791;1084082.974;4;2;0;0
906;0.001971863;906756.6878;3;2;0;0
907;0.011870742;1017964.751;1;2;0;0
908;0;572017.911;4;2;0;0
909;0.012625124;299402.9811;4;1;0;0
910;0.009956053;828943.1037;4;2;0;0
911;0.023346622;712736.9347;4;1;0;0
912;0.005140571;1390506.733;1;2;4;0
913;0.0236942;857424.8405;4;2;0;0
914;0.001839552;932836.3207;3;2;1;0
915;0.048364032;562236.2584;4;2;0;0
916;0.01818623;1837654.779;2;3;0;0
917;0;1389609.26;1;2;2;0
918;0.031743761;922763.64;4;2;0;0
919;0.013145635;775923.0145;3;2;0;0
920;0;378283.0841;0;1;0;0
921;0;1282221.956;4;2;0;0
922;0.032685325;939137.3481;1;1;0;0
923;0.097055502;289318.9402;4;2;0;0
924;0.022359386;846355.6938;4;2;0;0
925;0;1099394.066;2;2;1;0
926;0.002176846;2395209.015;1;2;0;0
927;0.023752244;773989.6451;4;2;0;0
928;0.009082068;867863.7211;1;2;0;0
929;0.018516071;870379.306;3;2;0;0
930;0;1165147.259;2;3;1;0
931;0;1070711.443;2;2;1;0
932;0.019001037;1996732.91;3;2;0;0
933;0.014181395;1554290.622;4;2;0;0
934;0.0237724;1140314.36;2;2;2;0
935;0.008759656;691807.797;4;2;0;0
936;0;491046.829;3;1;0;0
937;0.033320725;1290007.975;2;3;0;0
938;0.007988904;953822.9052;1;2;1;0
939;0.042256229;1742109.644;2;5;0;0
940;0.049151212;771985.2585;4;1;0;0
941;0.029610967;1542468.621;3;3;0;0
942;0;930050.6337;1;2;0;0
943;0.017517556;1189206.918;1;1;0;0
944;0;454553.9797;1;1;0;0
945;0.031102743;555577.9097;1;1;0;0
946;0.016559193;383351.8545;3;1;0;0
947;0.006138665;660729.7326;1;1;0;0
948;0.008675768;1546376.159;4;2;0;0
949;0.008737792;813019.9859;3;2;0;0
950;0.026070833;587322.8594;4;1;0;0
951;0.02296952;1974225.112;2;3;1;0
952;0.050749723;660378.2186;0;2;1;0
953;0.002788127;997085.2509;4;1;0;0
954;0.004319047;1265556.532;0;2;1;0
955;0;151201.9402;4;1;0;0
956;0.017455421;1085507.538;1;2;0;1
957;0;1137832.155;1;2;2;0
958;0.024751835;849229.9734;4;1;0;0
959;0;589645.1935;4;1;0;0
960;0.045562215;765370.8222;0;2;0;0
961;0.016736677;913443.2595;2;2;2;0
962;0.014261285;2095253.943;1;2;0;1
963;0.000879571;750366.0985;4;2;0;0
964;0;818789.6286;1;2;1;0
965;0.014473652;518183.0907;2;1;0;0
966;0;912354.129;4;2;0;0
967;0.012166202;1265473.257;2;3;0;0
968;0.00825404;1397134.365;1;2;0;0
969;0;1066407.967;4;1;0;0
970;0.003942131;943652.2955;0;2;0;0
971;0.016109986;1936686.473;1;2;1;1
972;0.04477746;1202747.654;3;2;1;0
973;0.032478493;545715.0427;4;2;0;0
974;0.002061621;1782577.485;1;2;0;1
975;0.015830081;1006690.565;1;2;3;0
976;0.018220032;1431172.44;1;2;2;0
977;0.015000681;616371.9722;4;1;0;0
978;0.030682117;801769.818;4;2;0;0
979;0.006009252;1409825.583;1;2;2;0
980;0.00101476;1052466.239;1;2;1;0
981;0.054840405;882487.8142;3;2;0;0
982;0.014742807;1573920.443;4;2;0;0
983;0.026607724;1447248.813;2;2;3;0
984;0.007081096;664303.9597;4;1;0;0
985;0.005416481;1491005.156;1;2;2;0
986;0.002597673;595917.9318;4;1;0;0
987;0.0065747;1248421.747;2;2;1;0
988;0.000373086;1608206.821;3;2;1;0
989;0.01677401;399188.9306;4;2;0;0
990;0.000417231;1581858.207;1;2;2;0
991;0.021774329;1059228.789;4;2;0;0
992;0.027809806;1347726.624;1;3;0;0
993;0.004283877;1394997.481;1;2;2;0
994;0.025333352;1065315.246;1;2;0;1
995;0.073644876;943011.7579;2;3;0;0
996;0.00475536;873120.3155;4;2;0;0
997;0.026573785;1245438.133;1;2;1;0
998;0.033073213;1183555.48;1;2;1;0
999;0.012178537;1207369.866;1;2;2;0
1000;0.01176697;768932.3067;4;3;0;0
1001;0.007852455;1441077.315;2;4;0;0
1002;0.034690719;1832593.462;4;2;0;0
1003;0.003890751;1428002.628;1;2;2;0
1004;0.003670836;934937.3015;3;2;0;0
1005;0.004393771;964092.0997;4;5;0;0
1006;0.010707686;474052.201;4;1;0;0
1007;0.001835395;1137630.34;3;6;0;0
1008;0.003002539;815309.7298;4;2;0;0
1009;0.006280442;1159791.539;1;2;2;0
1010;0.008192632;663523.2767;0;2;1;0
1011;0.016122116;890950.0803;4;2;0;0
1012;0.02273389;1706790.583;2;2;2;0
1013;0.009732071;2188229.328;2;2;0;0
1014;0.027149221;1533009.71;1;2;1;0
1015;0.038439762;778881.1506;1;2;0;0
1016;0.062646568;1095478.751;2;2;0;0
1017;0.022915144;1015922.283;4;2;0;0
1018;0.016186137;408991.8937;1;1;0;0
1019;0.01063093;1065570.283;0;2;1;1
1020;0.00745554;1842120.37;1;2;1;0
1021;0.014563704;869971.0131;1;1;2;0
1022;0.001230707;1218811.457;2;2;2;0
1023;0;723962.9795;4;2;0;0
1024;0.045285963;1233273.685;4;2;0;0
1025;0.014331409;986364.908;1;2;1;1
1026;0.008264614;2187640.913;1;2;2;0
1027;0.042167243;1010499.571;2;2;1;0
1028;0;408422.8241;4;1;0;0
1029;0.020805323;1063574.292;3;2;0;0
1030;0.023140613;825043.0781;2;2;2;0
1031;0.028683988;455376.1982;1;1;0;0
1032;0.050943539;718677.831;4;2;0;0
1033;0.002089178;1056874.707;0;2;1;0
1034;0.030567944;1343826.275;2;2;1;0
1035;0.062116079;1313089.724;4;2;0;0
1036;0.015932912;982117.5433;3;2;0;0
1037;0.022331625;938220.6695;4;2;0;0
1038;0.028308634;1068402.144;2;2;2;0
1039;0.002742711;1299443.869;2;2;2;0
1040;0.009816566;1019500.754;2;4;0;0
1041;0.010599067;930647.753;0;2;2;0
1042;0.000724852;1258188.042;1;2;2;1
1043;0.001919612;1687840.818;1;2;2;0
1044;0;1416707.416;1;2;0;0
1045;0.008298852;519108.0279;4;3;0;0
1046;0.01735202;1788955.361;3;2;0;0
1047;0.002351705;1020535.776;3;4;0;0
1048;0;836745.8805;1;1;0;0
1049;0.025077568;688105.2746;3;2;0;0
1050;0.006015304;1218890.499;2;4;1;0
1051;0.104646645;1112544.34;4;2;0;0
1052;0.001557873;1378803.124;3;2;0;0
1053;0;1934329.33;2;4;1;0
1054;0.009051729;564753.9301;4;2;0;0
1055;0.006492821;824295.1492;4;3;0;0
1056;0.013094217;1320583.26;0;2;1;1
1057;0.023286579;924481.2678;3;3;0;0
1058;0;1393214.591;0;2;1;0
1059;0.032006852;1226175.009;0;2;0;0
1060;0.055819727;831104.0946;4;2;0;0
1061;0.008364108;1075548.1;1;2;2;0
1062;0.045034718;1294690.162;4;2;0;0
1063;0.03372347;797071.2415;4;1;0;0
1064;0.015475451;479986.113;1;1;0;0
1065;0.027613118;2020670.554;1;2;2;0
1066;0.019059466;1311894.36;4;2;0;0
1067;0.00360057;1233138.436;1;2;2;0
1068;0.00016079;1940413.542;2;2;3;0
1069;0.015502982;1421145.888;4;3;0;0
1070;0.032803636;786863.7861;4;2;0;0
1071;0;1850692.271;3;2;1;0
1072;0.01376052;886012.7483;3;3;0;0
1073;0.03301964;1610587.359;2;2;0;0
1074;0.022254534;748971.2515;4;2;0;0
1075;0.044071399;1694818.55;2;2;2;0
1076;0.004515691;977701.9685;3;2;0;0
1077;0;542169.9588;4;2;0;0
1078;0.011081606;948598.6686;1;2;2;0
1079;0.003207407;1025127.203;1;2;1;0
1080;0.011135737;1004334.472;4;2;0;0
1081;0.013662746;1185706.527;0;2;0;0
1082;0.00633676;855958.3173;4;2;0;0
1083;0.01405661;834056.2218;4;2;0;0
1084;0.01318421;841005.9481;4;2;0;0
1085;0.013260392;1234051.359;3;2;0;0
1086;0.002774178;1831894.516;3;3;0;0
1087;0.00283053;797024.1138;1;3;1;0
1088;0.000480234;874573.7045;0;2;0;0
1089;0.008901588;363980.0702;2;1;0;0
1090;0.008235386;1276442.512;0;2;0;0
1091;0.018744171;802116.269;4;2;0;0
1092;0.002561933;1007051.611;4;2;0;0
1093;0;881450.7239;1;2;3;0
1094;0.008707449;1405693.236;4;2;0;0
1095;0.027785376;573970.9217;3;3;0;0
1096;0;536736.7629;4;2;0;0
1097;0.006844396;568055.9546;4;1;0;0
1098;0.014867832;1894291.106;2;2;3;0
1099;0.00577509;714794.0081;1;1;0;0
1100;0.019342024;1658358.231;4;3;0;0
1101;0.031798344;947911.3805;1;2;0;0
1102;0.009068564;1540266.617;3;1;0;0
1103;0.006182661;1187837.695;3;1;0;0
1104;0.027878622;774572.2521;1;3;0;0
1105;0;727889.6802;2;2;0;0
1106;0.007032881;1064712.949;1;2;1;0
1107;0;702773.8942;1;1;0;0
1108;0;483219.0573;1;1;0;0
1109;0.039856248;642207.8683;1;1;0;0
1110;0.004588196;912777.0901;3;4;0;0
1111;0.009611343;554344.7521;1;1;2;0
1112;0.040323813;888903.8643;2;1;0;0
1113;0.015628939;1042937.256;4;2;0;0
1114;0.009145541;800390.0896;4;2;0;0
1115;0.003025802;2292284.75;2;2;2;0
1116;0;454595.1638;4;1;0;0
1117;0.037245929;653709.3108;2;2;0;0
1118;0.023485005;1174706.775;4;2;0;0
1119;0;557856.113;4;2;0;0
1120;0;1761984.577;1;2;3;0
1121;0.020081611;775635.2165;4;2;0;0
1122;0.010470741;1131152.3;1;2;2;0
1123;0.002132779;669549.2785;2;2;0;0
1124;0.034221232;634342.8669;4;2;0;0
1125;0;517710.8719;1;1;0;0
1126;0.019762281;927321.9041;1;2;2;0
1127;0.007934723;1191850.074;1;2;0;0
1128;0.012260324;839782.1155;4;2;0;0
1129;0.02046559;795676.8339;4;2;0;0
1130;0.00783895;964414.8736;2;4;0;0
1131;0.026530823;1320728.1;2;3;1;0
1132;0.014177462;1384733.02;1;2;0;1
1133;0.006154015;1058820.763;0;2;0;0
1134;0.015632598;654017.9794;2;2;0;0
1135;0.019536272;602980.9507;4;2;0;0
1136;0.006538004;616701.8264;4;2;0;0
1137;0.006497192;956720.8521;3;3;0;0
1138;0;1032519.247;0;2;0;0
1139;0.021609364;1690840.65;3;2;0;0
1140;0.013613397;1056899.905;0;2;0;1
1141;0;595532.1731;3;2;0;0
1142;0.008579292;1674263.592;2;2;2;0
1143;0.008906582;1487326.893;3;3;0;0
1144;0.021203211;472004.143;4;1;0;0
1145;0.005971062;1125427.879;1;2;1;1
1146;0.031386238;775754.3179;4;2;0;0
1147;0.002584552;975024.0337;3;3;0;0
1148;0.027131088;646196.274;3;2;0;0
1149;0.000794915;784989.9912;1;1;1;0
1150;0.003219956;987591.364;1;2;2;0
1151;0;569558.0161;0;2;0;0
1152;0.012440583;1480638.499;1;2;2;0
1153;0.02646563;665617.9308;4;2;0;0
1154;0.014450721;1866757.41;2;2;3;0
1155;0.003149963;634928.1297;4;3;0;0
1156;0.004675594;410643.1585;4;2;0;0
1157;0.026207503;1098922.359;1;2;3;0
1158;0.001098005;1431687.09;3;3;1;0
1159;0;1263772.743;3;4;0;0
1160;0.040291414;463125.9993;2;1;0;0
1161;0.004735919;601783.742;1;1;0;0
1162;0.015271073;1335465.78;4;2;0;0
1163;0.016160229;798255.6685;4;2;0;0
1164;0.003021388;516318.9535;4;1;0;0
1165;0;577299.8585;4;1;0;0
1166;0;667600.7657;4;3;0;0
1167;0.031888351;2303443.408;3;2;0;0
1168;0.003383083;1325713.947;1;2;0;0
1169;0;839988.7676;2;2;0;0
1170;0.029905371;1125148.858;2;2;2;0
1171;0.024164811;1448056.458;0;2;3;0
1172;0;1430693.45;2;3;1;0
1173;0;959537.0058;2;2;3;0
1174;0.014769141;408690.1102;4;1;0;0
1175;0.007647629;1212924.474;4;1;0;0
1176;0.020709699;656503.8505;0;1;0;0
1177;0.06107337;915620.1834;4;2;0;0
1178;0.007407766;1549724.487;3;2;0;0
1179;0.010060828;1130721.961;1;2;1;0
1180;0.006057113;475473.8957;1;1;0;0
1181;0;385133.1268;4;1;0;0
1182;0.003249766;1030228.456;1;2;2;1
1183;0.005341002;1208761.604;1;2;1;0
1184;0;1010440.787;3;4;0;0
1185;0.005246913;1658117.855;2;2;0;0
1186;0;674419.1073;4;3;0;0
1187;0.01016072;1268414.14;2;4;1;0
1188;0.015389177;559873.955;4;1;0;0
1189;0.091240264;1291008.554;2;2;0;0
1190;0.006943485;1498383.278;2;3;1;0
1191;0.004792896;883807.5966;2;2;1;0
1192;0;774671.9816;4;2;0;0
1193;0.008417609;567381.8881;3;1;0;0
1194;0.006757494;1559158.649;2;2;2;0
1195;0;848020.8611;1;2;2;0
1196;0;427559.1708;4;1;0;0
1197;0.003246458;1737278.344;2;2;0;0
1198;0.003227565;985263.0576;1;2;3;0
1199;0.017440729;1172428.082;2;3;2;0
1200;0.004547596;738851.8223;4;3;0;0
1201;0.036353089;610347.0848;4;2;0;0
1202;0.016590901;1411134.403;2;2;4;0
1203;0;715755.1418;4;3;0;0
1204;0.017500062;773883.3611;1;2;0;0
1205;0.008291498;861123.0917;1;2;0;0
1206;0.015835185;840407.0332;4;2;0;0
1207;0.001706239;562641.2279;1;2;0;0
1208;0;615729.2345;2;2;2;0
1209;0.018256746;1685240.019;0;2;0;0
1210;0;856466.2099;3;3;0;0
1211;0.006982513;914284.2844;3;3;0;0
1212;0.008855347;918767.3658;1;2;0;0
1213;0;436402.1859;3;1;0;0
1214;0.000999614;1428551.558;0;2;1;0
1215;0;759342.9634;3;4;1;0
1216;0.016126435;944287.865;4;2;0;0
1217;0.028694466;667863.7637;4;2;0;0
1218;0.001774257;601942.1608;4;2;0;0
1219;0.006114161;1686740.176;3;3;1;0
1220;0.002676297;1044727.121;2;3;0;0
1221;0.020647863;2419863.305;1;2;2;0
1222;0.009216515;743448.2304;1;2;2;0
1223;0.003601332;966308.631;2;3;1;0
1224;0.032983478;1295194.023;1;2;2;0
1225;0.009947474;466248.9396;4;1;0;0
1226;0.003233223;849925.953;4;2;0;0
1227;0.022691289;825515.3066;4;2;0;0
1228;0.045402046;1607768.241;3;2;0;0
1229;0.023400519;763059.7596;3;3;0;0
1230;0;222784.0439;3;1;0;0
1231;0;686022.9382;4;2;0;0
1232;0.01115144;583243.2158;2;2;1;0
1233;0;451354.816;4;1;0;0
1234;0.010224055;651404.8366;3;3;0;0
1235;0;1802515.241;1;2;4;0
1236;0.005031667;663000.802;3;1;0;0
1237;0.010871318;1469187.534;4;2;0;0
1238;0;852749.7352;2;2;1;0
1239;0.010730947;968413.8837;2;2;2;0
1240;0.023351423;1491043.549;1;2;1;0
1241;0.051502597;1392124.177;1;2;4;1
1242;0.01877144;848309.6289;4;2;0;0
1243;0.051775835;1307328.23;4;2;0;0
1244;0.024377648;1862690.349;1;2;2;0
1245;0.009848946;1581488.648;2;2;2;0
1246;0.001581087;1085329.494;0;2;0;0
1247;0;486238.154;4;1;0;0
1248;0.02345774;2551141.218;1;4;0;0
1249;0.03603413;945104.1096;4;2;0;0
1250;0;1390929.82;4;3;0;0
1251;0.007489057;839625.1579;2;2;0;0
1252;0.016642019;1238791.51;1;2;3;0
1253;0.004840528;577623.1254;1;2;0;0
1254;0.003799807;686877.2561;3;2;0;0
1255;0.011119548;800751.981;4;2;0;0
1256;0.047445443;292125.007;2;1;0;0
1257;0.004404575;433186.1594;4;1;0;0
1258;0.001422436;506174.0823;4;1;0;0
1259;0.008479612;684937.1017;1;1;1;0
1260;0.010304824;1826620.848;3;2;2;0
1261;0.016288247;951851.943;1;2;2;0
1262;0.009414831;669156.6965;4;2;0;0
1263;0.01915535;1154559.529;2;3;1;0
1264;0;556637.0091;1;1;3;0
1265;0.009512095;512190.0346;0;2;0;0
1266;0.012444122;750956.7049;4;2;0;0
1267;0.020552304;2033153.92;2;2;2;0
1268;0;1110312.106;0;2;1;0
1269;0.012144268;795437.084;1;2;1;0
1270;0.010966823;1118282.146;2;3;1;0
1271;0.081771836;1173068.937;1;2;1;0
1272;0.066101253;1207602.479;1;2;2;0
1273;0.013804784;1632043.76;4;2;0;0
1274;0.044988692;928211.1151;1;2;2;0
1275;0.022337183;1408593.202;2;2;1;1
1276;0.010655191;1347699.633;4;2;0;0
1277;0.029142804;643108.8117;4;2;0;0
1278;0.001203918;976810.9915;1;2;3;0
1279;0.028901139;1097845.528;4;1;0;0
1280;0.012461362;1434834.977;1;2;1;0
1281;0.022680283;906867.3826;1;2;2;0
1282;0.002085814;966528.905;1;2;0;1
1283;0.006006961;509408.9799;2;2;1;0
1284;0.029024422;679290.0203;2;2;0;0
1285;0.004572527;780750.043;1;2;2;0
1286;0.014105849;1088910.455;4;2;0;0
1287;0.007072498;1094380.247;4;2;0;0
1288;0.002905917;2143213.644;3;3;0;0
1289;0.02672606;366833.0521;4;1;0;0
1290;0.027199894;828789.7528;4;1;0;0
1291;0.032847945;1948401.992;4;2;0;0
1292;0.035276391;1608016.653;2;2;3;0
1293;0.01055138;1119664.087;1;1;0;0
1294;0.005027513;942812.1286;4;2;0;0
1295;0.073188938;598778.8382;4;1;0;0
1296;0.002542333;826013.013;2;2;1;0
1297;0.002018192;1070265.311;2;4;1;1
1298;0.020690659;1009730.841;0;2;0;0
1299;0.008509053;1224108.135;1;2;2;0
1300;0.004847636;1136224.057;1;2;1;0
1301;0.001504136;550482.1053;4;1;0;0
1302;0.018086357;887740.6999;4;1;0;0
1303;0.002151871;1059542.995;4;1;0;0
1304;0.006891939;1619282.867;1;2;4;0
1305;0.044004943;1419953.715;3;2;1;0
1306;0.043994099;980586.4273;3;2;0;0
1307;0;808297.1054;4;1;0;0
1308;0.01192171;781096.3501;3;1;0;0
1309;0.039946616;992824.8622;4;2;0;0
1310;0.015753757;824946.3046;4;1;0;0
1311;0.147251695;997597.9149;4;2;0;0
1312;0.005856419;667984.7903;3;1;0;0
1313;0.043156721;2248687.686;4;2;0;0
1314;0.002002622;2169155.585;3;2;2;0
1315;0.003903202;1017625.995;4;1;0;0
1316;0.008742714;1378747.898;3;2;0;0
1317;0.002036794;1031032.457;1;2;2;0
1318;0.047142949;835161.7895;1;2;2;0
1319;0.036965657;777803.353;3;1;0;0
1320;0;1058508.79;2;4;0;0
1321;0.017367903;1339252.455;4;2;0;0
1322;0;602378.0276;4;1;0;0
1323;0.009563589;1091013.299;4;2;0;0
1324;0.021672778;1273486.658;2;2;2;0
1325;0.030427203;594730.7762;4;2;0;0
1326;0.011171794;2058576.283;2;2;2;0
1327;0.042799443;2943169.432;1;2;2;0
1328;0.027954319;1457950.261;4;2;0;0
1329;0.018585857;985910.6686;4;2;0;0
1330;0.016514149;1231004.645;4;2;0;0
1331;0;646624.7172;0;2;3;1
1332;0.021186776;1678783.559;1;2;2;0
1333;0.019884858;1337298.472;4;2;0;0
1334;0.003757983;1465680.504;1;3;0;0
1335;0;1282845.747;3;3;0;0
1336;0.01309976;903528.2815;2;2;4;0
1337;0.00403278;1026586.876;4;2;0;0
1338;0;1245297.987;3;2;0;0
1339;0.051850937;745675.7172;4;1;0;0
1340;0.020059733;978676.8219;2;2;0;0
1341;0.020838646;1042869.624;2;3;1;0
1342;0;743824.8087;3;1;0;0
1343;0.007586787;1222652.086;2;4;0;0
1344;0.00575618;1240406.359;1;2;0;0
1345;0;2831225.587;3;4;0;0
1346;0.004964049;2813831.405;2;5;2;0
1347;0.007503068;980399.4131;4;2;0;0
1348;0.053255208;384338.0279;4;1;0;0
1349;0.008857295;646246.8093;4;2;0;0
1350;0.076844215;714015.9525;4;1;0;0
1351;0.1384148;798130.0679;4;1;0;0
1352;0.021513227;613576.2031;4;2;0;0
1353;0.021400722;975667.706;1;2;4;0
1354;0.018435685;507710.9944;4;2;0;0
1355;0.024077583;1180267.56;4;1;0;0
1356;0.008320279;817761.1035;2;2;1;0
1357;0.018310113;2035924.651;3;2;3;0
1358;0.008632016;2914150.526;2;2;3;0
1359;0.020575725;2683745.321;2;4;3;0
1360;0.068654999;929692.3687;2;2;0;0
1361;0.023483183;1023540.748;1;2;2;0
1362;0.015687596;582115.7284;0;2;2;1
1363;0.017382151;826365.2111;4;1;0;0
1364;0.011642551;1013180.244;0;2;0;0
1365;0.006588342;721273.9479;4;2;0;0
1366;0.057967033;480479.8217;4;1;0;0
1367;0.005035578;772106.0085;4;2;0;0
1368;0.086125344;1374009.356;2;2;1;0
1369;0.017574832;1685137.163;3;3;0;0
1370;0;817224.7236;4;1;0;0
1371;0;583425.1294;4;2;0;0
1372;0;803396.2985;4;2;0;0
1373;0.066104338;1671494.01;3;3;1;0
1374;0.015361526;317155.8556;3;1;0;0
1375;0;827421.9178;2;2;2;0
1376;0.005649792;1059862.348;2;2;2;0
1377;0.064808026;544377.0873;2;1;1;0
1378;0.0084567;632870.9033;1;2;0;1
1379;0.022988673;1036815.488;3;2;0;0
1380;0.012377335;1060406.278;2;2;0;0
1381;0;746010.7355;4;2;0;0
1382;0.015068717;1378484.948;2;3;0;0
1383;0.064027883;789655.757;1;2;1;0
1384;0.033386052;1135025.159;2;3;0;0
1385;0.002620766;1277488.61;2;3;0;0
1386;0.029837752;758099.8651;3;4;0;0
1387;0.11684344;670640.7798;3;2;0;0
1388;0.008634702;1185448.738;2;3;0;0
1389;0.036114279;430633.2034;2;2;2;0
1390;0.024933595;1053758.806;4;1;0;0
1391;0.014653735;1724748.651;2;4;0;0
1392;0.037813276;361143.0775;2;3;0;0
1393;0.015662344;635154.0268;3;3;0;0
1394;0.010671856;785243.0672;2;1;0;0
1395;0.023704283;920339.745;0;1;0;0
1396;0.008107662;848579.8817;3;2;0;0
1397;0.003777177;794243.9623;2;4;5;0
1398;0.011752961;687145.882;3;3;0;0
1399;0;360399.9113;1;3;3;1
1400;0.028109584;648888.7648;0;2;0;0
1401;0;627718.9375;1;2;1;0
1402;0;537837.904;4;1;0;0
1403;0.026313329;684481.9677;4;1;0;0
1404;0;482067.8859;0;2;1;0
1405;0.054209922;857629.2909;3;2;0;0
1406;0.025125917;1111840.056;1;2;2;0
1407;0.021155789;709592.7136;0;4;0;0
1408;0.036544513;531953.7704;3;1;0;0
1409;0.019943802;917477.6222;4;2;0;0
1410;0.043439556;1199735.891;2;3;0;0
1411;0;1121091.57;1;2;2;1
1412;0.016153734;1941842.672;1;2;5;1
1413;0;458002.0175;1;1;1;0
1414;0.013137546;1002926.524;1;3;1;0
1415;0.002905632;1978226.277;2;6;0;0
1416;0.02483217;429604.0294;4;1;0;0
1417;0.009138237;1780431.679;1;2;2;0
1418;0.026221348;859910.1673;0;2;0;0
1419;0.030641805;649309.0855;3;1;0;0
1420;0.055422101;494965.1815;4;1;0;0
1421;0.000349519;686657.847;1;3;2;0
1422;0.043433279;558649.9087;2;1;0;0
1423;0.014801072;1154511.083;2;2;3;0
1424;0.020161064;1992008.393;1;2;2;0
1425;0.01983822;1407586.058;2;3;1;0
1426;0.019417226;386872.8644;2;1;0;0
1427;0;947974.6625;4;2;0;0
1428;0.011359226;1334509.649;1;2;3;0
1429;0.037954058;1159718.541;2;3;1;0
1430;0;648961.7907;2;2;0;0
1431;0;1476009.998;3;1;0;0
1432;0.133449316;823675.9279;2;1;0;0
1433;0;523986.8555;0;2;0;0
1434;0.096127249;1534517.765;4;2;0;0
1435;0.044905417;882387.6688;4;2;0;0
1436;0.026381381;835741.0257;2;2;1;0
1437;0.041876756;878005.0625;4;2;0;0
1438;0.007275326;1631816.536;3;2;0;0
1439;0.022782957;659967.0966;1;2;1;0
1440;0.005320816;976541.8079;1;1;1;0
1441;0.010086881;775661.1065;1;1;1;0
1442;0.006108518;1271011.503;3;3;0;0
1443;0.010820812;943736.8934;2;5;1;0
1444;0.007115136;667872.0438;0;2;0;0
1445;0.009232122;627808.1412;3;2;0;0
1446;0.001851711;1970609.747;0;2;2;0
1447;0.00832733;1207589.811;1;2;2;0
1448;0;986795.8294;2;2;2;0
1449;0.059602603;2247922.224;2;3;0;0
1450;0.007413179;322129.1357;4;1;0;0
1451;0.022856236;1008040.346;1;2;1;0
1452;0;942763.5766;0;2;1;1
1453;0.078405008;1785039.08;3;4;0;0
1454;0.005401894;2081491.846;1;2;3;0
1455;0.003729091;447293.863;1;1;1;0
1456;0.00936619;475647.1441;3;1;0;0
1457;0.015654935;1566406.381;3;3;0;0
1458;0.002208088;951048.9172;0;2;0;0
1459;0.010537935;487382.0859;2;1;0;0
1460;0.022041313;934790.1949;4;2;0;0
1461;0;380795.0542;0;2;1;0
1462;0.014450911;1566614.039;3;2;0;0
1463;0.010087879;1258539.662;1;2;2;0
1464;0;1321960.509;3;2;0;0
1465;0.004099168;553283.1546;0;2;0;0
1466;0.018442418;965600.2236;1;2;1;0
1467;0.044284493;894985.8086;3;1;0;0
1468;0;451657.0899;3;2;0;0
1469;0.054245107;820074.3671;0;1;0;0
1470;0;627244.9941;0;2;1;0
1471;0.055738829;854843.9701;3;2;0;0
1472;0.005569854;1794661.044;2;3;3;1
1473;0.01093717;1259557.875;1;2;1;0
1474;0.006470475;1238857.67;2;2;0;0
1475;0.027848087;2118781.867;2;3;0;0
1476;0.01387148;872005.2471;3;4;2;0
1477;0.019297704;1297770.725;3;2;0;0
1478;0.004590172;836570.3426;4;2;0;0
1479;0.004846539;378827.1386;0;1;1;0
1480;0.02550819;1274179.106;4;2;0;0
1481;0.004087457;789733.3275;4;2;0;0
1482;0;698155.2547;1;2;2;0
1483;0.010475918;770911.1216;2;3;0;0
1484;0.026965484;490107.8523;4;1;0;0
1485;0;731370.212;3;2;1;0
1486;0.006117892;1074879.537;1;2;2;0
1487;0.020027163;1682514.857;1;2;1;0
1488;0.029887168;935117.4273;1;2;2;0
1489;0.028600128;2166354.35;2;3;2;0
1490;0.031413898;2384294.687;3;3;0;0
1491;0.004061206;555500.0286;0;1;0;0
1492;0.005899158;528888.8388;1;1;2;0
1493;0.018752018;474189.2045;0;2;2;0
1494;0.011802852;709659.0353;1;2;1;0
1495;0.024545239;1116632.458;4;2;0;0
1496;0.038714252;1174477.139;2;3;0;0
1497;0.034720566;1035466.676;3;2;2;1
1498;0.025053229;749603.6514;4;2;0;0
1499;0.086240605;521622.07;4;2;0;0
1500;0;1095904.039;3;3;0;0
1501;0.010336363;1020475.436;2;2;3;1
1502;0.007794456;1664772.653;0;2;0;1
1503;0;1116339.648;1;2;1;0
1504;0.044231426;695613.8237;4;2;0;0
1505;0.00518702;594561.2138;3;2;0;0
1506;0.013391208;795745.8892;2;3;0;0
1507;0.011655783;1374424.802;4;2;0;0
1508;0.016508959;1516207.686;1;2;3;0
1509;0.030572429;803469.0887;1;2;2;0
1510;0;990950.0145;2;1;0;0
1511;0.01163254;655059.1725;1;2;3;0
1512;0.011483999;1739725.499;1;2;0;0
1513;0;251606.8852;4;1;0;0
1514;0.029553408;1741119.728;1;2;0;1
1515;0;501390.814;2;2;3;0
1516;0.004938362;2906226.843;2;3;1;0
1517;0.002229453;909640.017;0;2;0;0
1518;0.00712401;1881244.271;4;2;0;0
1519;0.039959509;293397.0341;4;1;0;0
1520;0;170686.9475;0;1;0;0
1521;0;415953.892;0;2;1;0
1522;0.006207061;1307542.692;1;1;4;0
1523;0.039142132;1377646.472;1;2;1;0
1524;0.004766418;1017115.649;4;4;0;0
1525;0.000843316;1266429.442;1;2;0;0
1526;0;458899.1774;4;1;0;0
1527;0.003053387;379906.0021;2;2;1;0
1528;0.036402199;676112.7837;4;3;0;0
1529;0.04671352;296959.1394;2;1;0;0
1530;0.044989929;1035164.546;0;1;0;0
1531;0.016137293;894387.6876;3;2;0;0
1532;0.024527123;429075.8384;4;1;0;0
1533;0.028393958;907517.1222;4;1;0;0
1534;0.057179976;467996.1209;2;2;2;0
1535;0.024375387;1745202.601;1;2;2;0
1536;0.035492755;972451.7334;4;2;0;0
1537;0.005745559;1368013.178;2;1;1;0
1538;0.051480111;836828.0768;1;2;2;0
1539;0.000608762;1163016.872;1;2;2;0
1540;0.002164972;543194.174;4;1;0;0
1541;0.044185765;579010.212;4;3;0;0
1542;0.01084171;805039.13;4;2;0;0
1543;0.00233921;1128585.632;2;2;0;0
1544;0.021575319;681055.681;1;1;1;0
1545;0.038715191;1018515.347;4;2;0;0
1546;0.030843502;849708.7526;4;1;0;0
1547;0.023761863;739841.0715;4;2;0;0
1548;0.073339313;767091.7026;4;1;0;0
1549;0.004847622;787190.2829;2;3;0;0
1550;0.021395074;992190.6877;3;3;0;0
1551;0.063103199;735557.3211;4;2;0;0
1552;0.016981363;515152.7918;4;2;0;0
1553;0.038707364;892439.9573;4;2;0;0
1554;0.006614638;894380.011;1;2;2;0
1555;0.020346059;1247416.105;2;4;0;0
1556;0.009152856;1166848.592;2;2;5;0
1557;0;889896.2559;1;2;0;1
1558;0.043457292;920627.6771;2;2;1;0
1559;0.033118404;815619.2495;2;3;0;0
1560;0.005668251;923035.605;2;2;2;0
1561;0.037990458;977455.8435;3;2;0;0
1562;0.004911088;1969420.496;3;2;1;0
1563;0.043078993;597506.7722;2;2;0;0
1564;0.008465092;630825.757;1;2;3;0
1565;0.030812824;605592.1282;4;1;0;0
1566;0.003137717;806956.1653;2;2;2;0
1567;0;1390972.269;1;2;2;0
1568;0.001947608;733206.9104;4;1;0;0
1569;0.003266629;617150.1464;1;1;0;0
1570;0;960305.9859;1;2;1;0
1571;0;507279.7635;2;2;2;0
1572;0.035383571;1081744.836;4;1;0;0
1573;0.015747119;362732.9324;4;3;0;0
1574;0.010476137;1129424.384;1;2;3;0
1575;0.018776206;975916.1729;0;2;2;0
1576;0.013576694;3276348.772;4;2;0;0
1577;0.030376958;1257169.738;4;2;0;0
1578;0.099982277;773016.6584;4;1;0;0
1579;0.024444934;983352.785;1;2;0;0
1580;0.01423276;1042946.207;1;2;2;0
1581;0.037944213;805102.8554;4;2;0;0
1582;0.10779158;790673.8162;4;1;0;0
1583;0.024920572;1563045.86;1;2;3;0
1584;0.001238403;765502.2181;0;2;2;0
1585;0.008671252;1315380.852;1;4;1;0
1586;0.034873888;780412.0763;1;2;0;0
1587;0.056662295;883726.6853;2;2;1;0
1588;0.024687482;993459.4421;3;2;0;0
1589;0;527120.895;4;2;0;0
1590;0;940479.9624;4;3;0;0
1591;0;702059.1359;1;1;2;0
1592;0.001876289;1259933.909;1;2;3;1
1593;0;518145.0404;3;2;1;0
1594;0.009972734;801385.3027;3;2;1;0
1595;0.011529475;631772.1851;4;2;0;0
1596;0.005348898;401578.068;4;1;0;0
1597;0.027290393;483247.169;2;1;0;0
1598;0.056980476;1043919.41;4;2;0;0
1599;0.015972789;895522.8369;2;2;1;0
1600;0.017008884;1577411.148;2;4;0;0
1601;0.007308805;374342.9758;2;1;0;0
1602;0.02004851;390852.0301;4;1;0;0
1603;0.038906872;1716946.741;3;4;1;0
1604;0.001867761;1349209.381;1;2;1;1
1605;0.001298361;1219999.957;1;2;2;0
1606;0.015192434;1056051.562;1;2;0;0
1607;0.018724004;625079.7124;4;2;0;0
1608;0.009885909;1221132.551;1;2;2;0
1609;0.009918448;1261891.579;2;4;0;0
1610;0.0488391;1350844.488;1;2;1;0
1611;0.02879318;685578.8513;4;2;0;0
1612;0;355716.0247;2;2;0;0
1613;0.065971993;1232719.846;3;2;0;0
1614;0.011688453;1018440.557;0;2;1;1
1615;0;325921.9404;4;1;0;0
1616;0.017196795;563826.1616;1;2;2;0
1617;0;987885.262;1;2;4;1
1618;0.002908738;990119.6692;1;2;2;0
1619;0.00470867;1193542.59;1;1;0;0
1620;0.043961436;562493.1522;1;1;1;0
1621;0.021413442;1785187.191;3;2;0;0
1622;0.013274129;2137239.409;2;4;0;0
1623;0.051206671;856196.7117;4;2;0;0
1624;0.038010426;945267.2628;4;2;0;0
1625;0.003494618;882499.5967;4;1;0;0
1626;0.011084678;530461.8366;2;1;2;0
1627;0.057630949;608023.8105;1;1;0;0
1628;0.01404571;1419436.515;3;3;0;0
1629;0.029231874;1786713.271;1;2;1;0
1630;0.07594946;768510.7684;3;1;0;0
1631;0.041840792;1116995.649;3;2;2;0
1632;0.005474009;850564.9084;2;1;0;0
1633;0;587178.9276;3;2;0;0
1634;0.024193455;1041604.32;2;3;0;0
1635;0.037115645;1686782;2;2;2;0
1636;0;1111847.478;2;3;5;0
1637;0.020600345;962313.7257;1;2;2;0
1638;0.10246931;1096015.874;2;2;1;0
1639;0.006507928;580829.7608;4;2;1;0
1640;0.019359026;1151090.863;4;1;0;0
1641;0.020144219;594513.0192;2;4;1;0
1642;0.021392291;479611.8191;4;2;0;0
1643;0.094542362;915653.3657;4;2;0;0
1644;0.112500422;771765.8954;1;2;0;0
1645;0.034747668;1704287.356;1;2;1;0
1646;0.040773697;1379713.355;3;2;0;0
1647;0.010835392;2222716.482;1;2;2;0
1648;0.031067416;2230311.767;2;3;2;0
1649;0.005500874;1003476.642;4;2;0;0
1650;0;526378.9274;4;2;0;0
1651;0.022427674;891041.8501;1;2;2;0
1652;0.025809074;757718.2275;4;2;0;0
1653;0.013466835;1954133.48;1;2;1;1
1654;0.0042772;2731694.479;3;4;0;0
1655;0;697481.1121;3;1;0;0
1656;0.106827348;708825.7276;2;2;1;0
1657;0.035205439;982546.6091;1;2;2;0
1658;0.068057492;517150.7943;4;2;0;0
1659;0.038683183;1446881.726;2;2;1;0
1660;0.02148705;1395259.589;2;2;1;0
1661;0;700460.7677;4;3;0;0
1662;0.027498692;1083106.415;2;2;0;0
1663;0.03114767;1387391.263;1;2;1;0
1664;0.001655346;666930.0487;1;2;3;0
1665;0.045137011;824954.9587;3;2;0;0
1666;0.009525983;1454968.105;1;2;2;0
1667;0.021269873;696195.8593;4;1;0;0
1668;0.041984331;893761.838;1;2;1;0
1669;0.023224812;996175.6599;1;2;2;0
1670;0.012600409;1285990.106;1;2;1;0
1671;0.004574361;1232958.519;1;2;2;0
1672;0.003738947;1088007.364;2;3;0;0
1673;0;1153334.684;4;1;0;0
1674;0;955439.7884;2;2;3;0
1675;0.041408833;779737.3253;4;2;0;0
1676;0.02485756;696608.955;2;1;2;0
1677;0.012644876;2104568.166;3;4;0;0
1678;0.072942033;938059.627;2;4;0;0
1679;0.112490296;562892.9385;4;1;0;0
1680;0.030362584;954069.4485;3;3;0;0
1681;0.002910158;1109217.768;0;2;1;0
1682;0.037063926;1055149.559;4;2;0;0
1683;0.059371382;755245.8634;4;2;0;0
1684;0.002060061;1071812.765;1;2;2;0
1685;0;1016347.701;4;2;0;0
1686;0.007769604;897342.9291;4;3;0;0
1687;0;507047.1188;1;2;3;0
1688;0.011731688;1092426.133;3;3;0;0
1689;0.00264539;635066.8077;1;1;2;0
1690;0.013116126;1692573.374;2;2;3;0
1691;0.024014914;423236.9738;4;1;0;0
1692;0.058781922;565479.8788;4;2;0;0
1693;0.014878566;522630.8933;4;1;0;0
1694;0;1307245.946;0;2;2;0
1695;0.004579858;859196.9986;2;1;0;0
1696;0.178602546;1127161.506;1;3;0;0
1697;0.013826505;1262792.068;2;2;2;0
1698;0.003507189;869072.1166;1;2;1;0
1699;0;302901.0492;2;1;1;0
1700;0.005439329;1330311.307;4;3;0;0
1701;0.04177881;607484.7829;4;1;0;0
1702;0.030396275;1189093.512;4;3;0;0
1703;0;848593.6393;0;2;1;0
1704;0.017607292;1380109.467;3;3;0;0
1705;0.041391235;780744.8309;1;2;1;0
1706;0.044393312;951764.8024;2;4;0;0
1707;0;540363.8035;4;2;0;0
1708;0.016602095;800139.7626;4;2;0;0
1709;0;627413.1073;1;3;2;0
1710;0.029112797;1920735.615;2;3;1;0
1711;0.01455272;458470.9274;4;2;0;0
1712;0.008486399;517534.1476;2;1;1;0
1713;0.026261438;1051123.129;4;2;0;0
1714;0.024894379;2931745.428;3;5;0;0
1715;0.008518133;831168.2978;3;3;0;0
1716;0.023684409;956072.3555;2;5;1;0
1717;0.001510583;1850941.147;2;6;0;0
1718;0.002350085;978688.022;2;3;0;0
1719;0.003376797;1520968.041;3;2;1;0
1720;0.011901427;1077854.342;4;2;0;0
1721;0.079670072;1242926.219;1;2;1;0
1722;0.013964229;1086920.497;3;2;0;0
1723;0.028219558;1622846.321;4;3;0;0
1724;0.022321247;589752.0458;0;2;0;0
1725;0;476952.1597;4;1;0;0
1726;0.000975571;959438.1816;1;2;2;0
1727;0.081835717;558386.7823;4;2;0;0
1728;0;864098.6131;4;2;0;0
1729;0.011953054;415625.9633;4;1;0;0
1730;0;282501.0024;0;2;0;0
1731;0.018546527;1147816.502;1;2;3;0
1732;0.013870217;1140284.999;4;4;2;0
1733;0.063604653;756233.9838;4;2;0;0
1734;0;1669762.164;1;2;3;0
1735;0.021693574;976325.7695;4;2;0;0
1736;0.042783462;299554.9231;3;1;0;0
1737;0.003708448;1294342.02;4;2;0;0
1738;0;791635.0538;0;1;1;0
1739;0.039083093;930172.1559;4;2;0;0
1740;0.025835;1357693.465;2;2;2;0
1741;0.008838257;1216982.131;4;2;0;0
1742;0;429983.1713;4;1;0;0
1743;0.018416839;1135917.443;2;2;2;0
1744;0.033446275;885120.9116;2;3;0;0
1745;0.011892993;2185909.972;4;3;0;0
1746;0;754361.9036;4;2;0;0
1747;0.009095836;1075656.832;2;2;0;0
1748;0.004600889;3338704.343;2;4;0;0
1749;0.041388199;1163810.177;4;2;0;0
1750;0.011504521;1942192.71;1;2;1;1
1751;0.001094941;1150747.313;1;2;1;1
1752;0.005356526;625032.0244;4;3;0;0
1753;0.040719159;1258916.593;3;3;0;0
1754;0.042245984;700752.7496;4;1;0;0
1755;0.020710519;604909.8633;4;1;0;0
1756;0.081539549;561150.9857;4;1;0;0
1757;0.010093805;1219757.977;4;2;0;0
1758;0.000604754;1111195.56;1;2;2;0
1759;0.012033864;992200.15;1;2;3;1
1760;0;672555.1904;3;1;0;0
1761;0.02027696;903094.1034;1;2;3;0
1762;0.008586857;1000599.279;4;2;0;0
1763;0.024638534;957970.7436;4;2;0;0
1764;0.031273048;787770.8058;4;2;0;0
1765;0.002971573;411902.97;0;1;0;0
1766;0.008081065;1983897.916;2;2;1;0
1767;0;374903.1726;4;1;0;0
1768;0.019910857;789518.7094;0;2;1;0
1769;0.002978985;463244.8241;1;1;0;0
1770;0;504639.8977;2;1;0;0
1771;0.035626296;1225807.881;1;2;3;0
1772;0.071838528;606861.1512;2;1;0;0
1773;0.014418699;1046419.261;4;2;0;0
1774;0;319782.0701;0;1;0;0
1775;0.023856396;617695.983;4;1;0;0
1776;0.012282817;770833.1946;2;1;2;0
1777;0.002508774;2276809.405;1;2;2;0
1778;0.013550861;3040469.978;1;2;0;1
1779;0.076516174;537454.8875;4;1;0;0
1780;0.008336372;1407086.782;1;2;3;0
1781;0.015379518;1406676.22;4;2;0;0
1782;0.012031136;781971.3659;0;2;1;0
1783;0.016368886;1240401.627;4;2;0;0
1784;0;591563.0375;0;1;0;0
1785;0.011327837;2067650.555;2;4;1;0
1786;0.055733599;927986.2987;1;1;0;0
1787;0.002027819;680533.6789;4;2;0;0
1788;0.013305314;1111135.158;4;2;0;0
1789;0.036005862;1035498.276;2;3;1;0
1790;0.029049911;1589126.586;2;4;0;0
1791;0;746259.785;3;1;1;0
1792;0;615786.7833;1;2;4;0
1793;0.084932938;542686.7414;4;1;0;0
1794;0.014422579;1416945.225;1;2;2;0
1795;0.004665887;398638.0629;0;1;0;0
1796;0.016381783;697360.0617;2;2;2;0
1797;0.011021611;1141031.241;2;2;2;0
1798;0.044168506;269785.0016;0;1;0;0
1799;0.028033348;1030486.887;4;2;0;0
1800;0.027850188;811340.75;0;2;0;0
1801;0.005067274;499677.1421;2;2;0;1
1802;0.041066967;1219569.544;4;2;0;0
1803;0.038748495;965301.9084;4;2;0;0
1804;0.009859733;374858.1258;1;1;0;0
1805;0.006677273;485227.8474;2;3;2;0
1806;0.002650253;656540.7909;4;2;0;0
1807;0;443441.111;3;1;0;0
1808;0.003391358;583837.009;2;3;1;0
1809;0.012363602;640589.9605;4;1;0;0
1810;0.006232373;1861891.141;0;2;1;1
1811;0.019983049;1601156.539;1;2;1;0
1812;0.034454338;1275195.378;4;2;0;0
1813;0.029629124;1057203.338;4;2;1;0
1814;0.014691883;1384438.561;2;2;3;0
1815;0.012002826;1201716.917;3;2;0;0
1816;0;402527.8176;4;1;0;0
1817;0.026401181;570428.844;0;1;0;0
1818;0.013997257;814231.2184;4;2;0;0
1819;0.000927726;452720.0976;1;1;1;0
1820;0.007016806;389920.9044;0;2;0;0
1821;0.068417013;478798.806;3;1;0;0
1822;0.002055521;1920680.663;1;2;0;1
1823;0.025745077;810990.3148;4;1;0;0
1824;0.007292556;1265399.641;4;3;1;0
1825;0.010348313;551974.0184;3;2;0;0
1826;0.021749344;598087.1376;4;1;0;0
1827;0.026588574;516312.06;2;2;0;0
1828;0.012471822;210714.9773;1;1;0;0
1829;0;128668.0108;0;1;0;0
1830;0.007113613;522941.0023;4;1;0;0
1831;0;417286.1042;4;1;0;0
1832;0.018750874;1931429.761;1;2;2;0
1833;0.031522125;1039269.585;2;1;0;0
1834;0.023052432;724608.8147;4;2;0;0
1835;0.026823964;771027.2917;3;2;0;0
1836;0.011156549;609865.9007;2;3;0;0
1837;0;1565644.707;1;2;1;0
1838;0;248099.9555;4;1;0;0
1839;0.012223885;1260483.144;1;2;2;1
1840;0;996550.041;4;3;0;0
1841;0.004641951;796217.2947;1;2;1;0
1842;0.044090476;552590.7812;1;1;0;0
1843;0.049917795;948840.242;1;2;1;0
1844;0;434901.9246;1;1;0;0
1845;0.003044746;859184.7078;4;2;0;0
1846;0.003154201;802739.1863;1;1;3;0
1847;0.026520632;1031724.911;4;2;0;0
1848;0.023970203;906124.7754;2;2;2;0
1849;0.017982002;1115114.937;3;4;0;0
1850;0.001724144;800396.9594;3;3;0;0
1851;0.009288862;822921.3904;2;2;1;0
1852;0.075173363;1130692.846;3;2;0;0
1853;0.015171427;1422937.381;2;3;0;0
1854;0.001610869;1013118.406;4;2;0;0
1855;0.031638291;1756984.214;4;3;0;0
1856;0.022858335;1453342.786;1;2;3;0
1857;0.015300673;502722.8312;1;2;2;0
1858;0.001164412;278252.0229;4;1;0;0
1859;0;1169566.97;2;3;1;0
1860;0.003559573;687722.7999;4;2;0;0
1861;0.008471609;708247.9926;4;3;0;0
1862;0.044959258;1403226.067;1;2;3;0
1863;0.00416521;1333425.759;3;4;0;0
1864;0.00229399;768966.0397;1;2;0;0
1865;0;369797.963;1;1;3;0
1866;0.010660782;920757.6272;4;2;0;0
1867;0.009972204;1036080.094;1;2;1;1
1868;0.015967552;683886.8977;4;2;0;0
1869;0.007628601;624492.2119;2;2;0;0
1870;0.010423471;431717.9512;2;3;0;0
1871;0.00101194;901239.1395;4;4;0;0
1872;0;1284569.475;0;2;0;1
1873;0.014687596;1425012.418;2;3;1;0
1874;0.08168488;1145769.158;4;3;0;0
1875;0.010553885;1277159.709;3;3;1;0
1876;0.013099106;1004037.595;2;3;0;0
1877;0.042143002;390479.8346;4;1;0;0
1878;0.035896912;901915.811;4;2;0;0
1879;0.013489916;885920.6516;4;2;0;0
1880;0.006144801;1864503.159;2;3;0;0
1881;0.058291592;403077.1411;1;1;0;0
1882;0.00321682;2055445.381;1;2;2;0
1883;0.012609567;742928.001;4;1;0;0
1884;0.005773263;1253364.109;0;2;2;0
1885;0.019714117;1381750.396;2;4;0;0
1886;0.077099949;793710.1395;4;2;0;0
1887;0.00222089;1588102.432;1;2;2;0
1888;0.056553915;636931.9053;4;1;0;0
1889;0.012852669;1586440.346;4;3;0;0
1890;0.008331057;852713.1399;1;3;1;1
1891;0.023596473;226304.8993;1;1;0;0
1892;0.036528807;689537.9981;3;2;0;0
1893;0.011549435;1511416.104;3;2;0;0
1894;0;732193.014;1;1;2;0
1895;0.012174634;1166688.361;4;1;0;0
1896;0.013624355;541676.914;2;3;1;0
1897;0.125050932;635644.8577;4;1;0;0
1898;0.002678839;550984.7411;2;2;0;0
1899;0;472218.0071;1;2;1;0
1900;0.013678679;530752.8019;0;2;1;0
1901;0.022078199;1082697.452;2;3;0;0
1902;0.005966322;1126322.287;1;2;2;0
1903;0.002028897;467249.1386;1;1;1;0
1904;0.040050313;743365.2811;4;2;0;0
1905;0;1001460.379;4;2;0;0
1906;0.000759123;1802078.665;1;3;3;0
1907;0;658911.1902;2;3;1;0
1908;0.01714064;997629.311;1;2;1;0
1909;0.014375562;701189.9475;0;2;1;0
1910;0;898180.2654;1;2;2;0
1911;0.002154208;1151234.679;3;3;0;0
1912;0.023904717;700070.7577;2;4;0;0
1913;0.021434136;731730.2049;2;2;2;0
1914;0.008119465;611862.9342;4;1;0;0
1915;0;1452242.707;1;2;2;0
1916;0.050170887;789700.9428;2;2;0;0
1917;0.004892319;824148.9459;4;2;0;0
1918;0.019208392;780284.0742;2;2;3;0
1919;0.027593583;1271599.523;1;2;3;0
1920;0.004483496;1003681.459;1;2;2;0
1921;0.007029043;909939.3538;3;2;0;0
1922;0.00170739;1033155.551;2;2;1;0
1923;0.002506408;1354926.716;1;2;3;0
1924;0;880319.1399;0;4;1;0
1925;0.017806141;1434112.662;2;3;1;0
1926;0.015986163;614031.0346;4;2;0;0
1927;0.013221774;726075.3032;4;2;0;0
1928;0.00940551;771888.0833;4;2;0;0
1929;0.05304116;892439.1062;3;2;0;0
1930;0.004592963;747229.7349;4;2;0;0
1931;0.023254259;1211390.457;2;3;0;0
1932;0.001426477;1253438.22;2;2;3;0
1933;0.026157305;1303803.398;1;2;1;0
1934;0;988825.0031;1;2;1;0
1935;0.001616156;1725080.943;4;1;0;0
1936;0.007604689;1147449.855;1;2;0;1
1937;0.005383826;2126368.731;2;3;0;0
1938;0.017708138;1202385.248;4;2;0;0
1939;0.008023372;647607.8181;4;1;0;0
1940;0.005062929;713421.06;4;2;0;0
1941;0.001718527;1270856.36;2;3;2;0
1942;0.001145228;628696.0782;3;1;0;0
1943;0.062363777;593229.0826;1;1;1;0
1944;0.01164377;1128843.975;3;4;0;0
1945;0;795455.2903;4;2;0;0
1946;0.022168847;984625.2621;1;2;2;0
1947;0.00533383;762679.2619;0;2;0;0
1948;0.004220424;1464308.524;1;2;0;0
1949;0;810052.698;3;2;0;0
1950;0.007185341;449247.9829;4;1;0;0
1951;0.00569752;592362.9905;4;2;0;0
1952;0.026847104;1662860.632;3;2;0;0
1953;0.013907356;965675.7378;2;2;3;0
1954;0.00086442;1027279.283;2;3;2;0
1955;0;529955.1791;4;2;0;0
1956;0;639804.8064;4;1;0;0
1957;0;674536.8188;3;4;0;0
1958;0.010992084;572047.9154;3;2;0;0
1959;0;593045.8087;1;2;2;0
1960;0;1003459.417;4;2;0;0
1961;0.010685804;532294.7924;4;1;0;0
1962;0.035667151;1463110.84;3;2;0;0
1963;0.010016419;1491551.279;1;2;2;0
1964;0.005537162;643651.2119;2;1;1;0
1965;0.008253053;988725.0483;4;2;0;0
1966;0.035979055;762666.1697;4;2;0;0
1967;0.007554424;473365.0685;4;1;0;0
1968;0.003368488;730298.2602;4;1;0;0
1969;0;974836.221;4;2;0;0
1970;0;2356202.205;2;4;1;0
1971;0.021175861;1867786.694;1;2;2;1
1972;0;880839.8072;2;2;0;0
1973;0.048069194;326030.1249;4;1;0;0
1974;0.001825514;387835.9156;4;1;0;0
1975;0.022105779;757268.1712;4;1;0;0
1976;0;733211.8051;4;3;0;0
1977;0.005280476;813562.9164;2;2;1;0
1978;0;892636.5824;1;2;3;0
1979;0;789362.1126;1;2;2;0
1980;0.004819508;647368.8483;4;1;0;0
1981;0.002774406;467127.0592;4;1;0;0
1982;0;433884.0651;4;1;0;0
1983;0;277552.8783;4;1;0;0
1984;0;875840.7222;0;2;0;1
1985;0.099003114;396835.9567;3;1;0;0
1986;0.02356099;684012.1326;4;2;0;0
1987;0.021749781;624557.7272;2;4;1;0
1988;0.027949274;1018165.727;4;3;0;0
1989;0.020360287;651759.0328;4;1;0;0
1990;0.006313723;482757.983;4;2;0;0
1991;0.083994746;1011718.406;4;2;0;0
1992;0.032861065;1955871.134;3;2;0;0
1993;0.017948117;1360866.832;0;2;0;1
1994;0.042113338;1212299.998;1;2;2;0
1995;0.014157915;1353236.336;1;2;3;0
1996;0.003970066;1795436.531;2;4;0;0
1997;0;528834.872;4;3;0;0
1998;0;1447814.808;1;2;2;0
1999;0;366714.8255;1;1;0;0
2000;0.005313114;361370.1169;4;2;0;0
2001;0.005980338;2564068.537;1;2;3;0
2002;0.044278316;1013678.948;3;4;0;0
2003;0.063037477;826429.0483;4;2;0;0
2004;0.009548178;1514424.41;1;2;2;0
2005;0.029047661;1385997.396;2;3;0;0
2006;0.013762342;2355413.622;2;3;2;0
2007;0.002607949;363504.1352;4;1;0;0
2008;0.014763016;980151.6743;4;2;0;0
2009;0.001963246;1151154.535;4;1;0;0
2010;0.039536104;703255.9458;4;2;0;0
2011;0.00941043;1064775.905;4;2;0;0
2012;0.003235398;1049638.578;1;2;3;0
2013;0.059846874;755595.2696;3;2;0;0
2014;0.004705347;686028.1721;4;3;0;0
2015;0.069248155;1088158.865;3;2;0;0
2016;0.107531302;243278.0661;4;1;0;0
2017;0.006565204;1177114.497;4;2;0;0
2018;0.039246406;1063435.341;2;2;3;0
2019;0.007939612;2180962.46;2;2;3;0
2020;0.011888631;1078930.085;2;3;0;0
2021;0;1221669.533;1;2;3;0
2022;0.027977996;1439131.221;2;2;3;0
2023;0.00856718;2560469.159;1;2;0;0
2024;0;1718119.525;3;2;0;0
2025;0.017762579;512875.8061;4;1;0;0
2026;0;652035.0665;1;2;1;0
2027;0.005089086;1676529.247;4;2;0;0
2028;0.00520271;597380.8537;4;1;0;0
2029;0.011292813;935107.6176;4;3;0;0
2030;0.025769792;811647.9888;1;1;0;0
2031;0.014513474;984809.3256;0;2;2;0
2032;0.026097268;1067698.31;0;2;1;0
2033;0.007221085;1196495.445;3;3;0;0
2034;0.004253442;795591.0922;1;2;1;0
2035;0.017993931;1088367.472;2;2;3;0
2036;0.001474029;887364.0359;1;1;0;0
2037;0.003393378;1004308.611;1;2;2;0
2038;0.019604448;952590.2355;3;2;0;0
2039;0.006514354;1241566.185;4;2;0;0
2040;0.003915994;732380.8737;4;1;0;0
2041;0.049880613;377762.1466;2;1;0;0
2042;0.003830381;595240.8892;4;2;0;0
2043;0.011219761;438511.9195;0;1;0;0
2044;0.041370433;1097111.836;4;2;0;0
2045;0.004777785;1465114.511;1;2;3;0
2046;0.005875725;590225.2403;2;2;0;0
2047;0.004395699;513229.0698;4;2;0;0
2048;0.036461946;967254.5975;3;2;0;0
2049;0;342470.9997;4;2;0;0
2050;0.004117472;1288168.837;4;2;0;0
2051;0.029745677;783844.683;4;1;0;0
2052;0.043618418;1016542.542;2;3;2;0
2053;0.005211367;465328.979;2;1;0;0
2054;0;922356.2826;4;1;0;0
2055;0.004028869;443796.9113;0;2;3;0
2056;0.095005073;443849.8191;3;1;0;0
2057;0.019628577;1473311.221;2;3;1;0
2058;0;604668.196;4;1;0;0
2059;0.084757514;559384.015;4;1;0;0
2060;0.005624;1188477.905;0;2;2;0
2061;0.003746139;720741.7404;4;1;0;0
2062;0.003778232;1537227.501;2;3;1;0
2063;0.001181424;812578.9278;4;2;0;0
2064;0.007822984;420299.9042;2;2;0;0
2065;0.010531543;1276925.875;2;2;0;0
2066;0.014490969;819821.0111;4;1;0;0
2067;0.051218837;671705.874;4;2;0;0
2068;0.019317387;1060599.451;4;3;0;0
2069;0.01271471;317112.9087;4;1;0;0
2070;0.004526118;742357.8682;1;2;1;0
2071;0.026095735;891524.6466;1;2;1;0
2072;0.030531395;971066.2549;1;2;0;0
2073;0.028029867;702464.9919;4;3;0;0
2074;0.007409797;1519070.51;3;5;0;0
2075;0.098006472;802844.8394;4;2;0;0
2076;0.005782483;578989.7814;4;1;0;0
2077;0.010200615;685841.0829;4;2;0;0
2078;0.020401016;705258.7515;4;2;0;0
2079;0.021945527;1096351.448;4;2;0;0
2080;0.008932432;1477649.392;1;2;3;0
2081;0;1559344.526;2;4;1;0
2082;0.078219637;705653.6707;4;2;0;0
2083;0.006254432;516114.1557;0;2;0;1
2084;0.010530465;532740.1753;4;1;0;0
2085;0;599959.7699;4;1;0;0
2086;0.023776589;1075006.655;4;3;0;0
2087;0.030914098;1515036.904;2;3;0;0
2088;0.063246563;634658.7328;4;2;0;0
2089;0.073074296;434023.9466;4;1;0;0
2090;0.015355795;249287.002;4;1;0;0
2091;0.003429066;1102341.047;2;3;2;0
2092;0.005440717;913114.9035;4;2;0;0
2093;0.004787132;716921.968;0;1;1;0
2094;0.017167607;533329.8517;4;2;0;0
2095;0.020579545;1466116.676;1;2;2;1
2096;0.01769164;902121.4064;4;1;0;1
2097;0;993333.441;2;4;0;0
2098;0.027866317;959078.6573;4;3;0;0
2099;0.00349468;1016401.982;1;1;1;0
2100;0.060456712;709334.2535;4;2;0;0
2101;0.02064343;891131.0797;4;2;0;0
2102;0.031240195;631109.7772;4;2;0;0
2103;0.034184411;924632.0429;4;1;0;0
2104;0;577592.8286;0;2;1;0
2105;0.040245611;980081.5709;4;2;0;0
2106;0.004740668;744198.7389;1;1;0;0
2107;0.021645015;617416.8218;2;1;0;0
2108;0.004044769;780266.9593;4;1;0;0
2109;0.017810639;255353.0202;1;2;1;0
2110;0.016711371;466029.7788;4;1;0;0
2111;0.085446231;715959.2675;4;2;0;0
2112;0.050376669;856587.1034;4;1;0;0
2113;0;402558.1453;4;2;0;0
2114;0.016172785;551852.9589;0;1;1;0
2115;0.061565615;546149.2576;1;2;3;0
2116;0;421913.928;2;2;0;0
2117;0.120131776;663870.7667;4;2;0;0
2118;0.033145357;712497.7138;1;1;2;0
2119;0.045248739;2197764.026;1;2;0;0
2120;0.014872708;453448.177;4;2;0;0
2121;0.076279543;748038.2761;4;4;0;0
2122;0.030550642;969014.3783;4;2;0;0
2123;0.015516357;877010.0403;4;2;0;0
2124;0;572093.7432;0;2;0;0
2125;0.060391419;913706.3779;4;4;0;0
2126;0.025629457;775747.6596;4;1;0;0
2127;0.085258439;961418.4342;4;2;1;0
2128;0.007373988;1627342.319;1;2;2;0
2129;0.033285074;871021.1777;1;2;0;0
2130;0.058505304;1141435.024;4;2;0;0
2131;0.003319263;1905241.342;2;3;2;0
2132;0;517783.9487;0;2;0;0
2133;0;1025257.237;2;3;1;0
2134;0;547173.1627;1;1;0;0
2135;0.015313034;305621.9211;2;1;1;0
2136;0.001564625;429495.8816;4;1;0;0
2137;0.003638854;1813758.12;2;2;4;0
2138;0.026951291;617707.1756;4;1;0;0
2139;0.003653181;548562.9793;2;3;2;0
2140;0.002249093;2179101.718;1;2;1;0
2141;0.005243532;1226654.545;4;2;0;0
2142;0.035659939;515873.0317;4;1;0;0
2143;0.004511546;1462912.717;1;2;2;0
2144;0;1207762.57;1;2;4;0
2145;0.01582424;583155.8952;2;2;0;0
2146;0.01011345;1206710.273;2;2;1;0
2147;0.019374415;1006482.255;1;2;1;0
2148;0.036993437;1535002.237;2;4;0;0
2149;0.002860513;654427.8919;4;2;0;0
2150;0.016678039;1370304.737;2;3;1;0
2151;0;808523.7678;4;2;0;0
2152;0.015422639;1021614.717;3;2;0;0
2153;0.005974559;1038402.712;1;2;1;0
2154;0.00031268;767557.8451;2;4;0;0
2155;0.014428174;1321581.087;2;2;0;0
2156;0.013501579;1132311.472;2;3;1;0
2157;0.001628534;884230.816;0;2;1;0
2158;0.002717017;834738.9697;0;2;0;0
2159;0.031072758;1330812.531;2;2;1;0
2160;0.01237727;1421315.312;1;2;2;0
2161;0.014688709;1084914.518;0;2;1;0
2162;0.012491218;1820478.45;4;3;0;0
2163;0.021304829;1247980.117;4;2;0;0
2164;0.025787359;907653.8777;4;2;0;0
2165;0.016700005;1027843.74;4;2;0;0
2166;0.04763918;1395489.806;2;3;1;0
2167;0.014671219;878181.7571;4;2;0;0
2168;0.002038037;1139821.834;4;2;0;0
2169;0.020322777;2355680.947;2;3;5;0
2170;0.011385035;969693.8476;3;2;0;0
2171;0.001145008;1037547.447;2;2;2;0
2172;0.021227093;270785.8992;1;1;0;0
2173;0;684166.0986;1;2;2;0
2174;0.014179951;791257.6628;2;1;0;0
2175;0.01152574;788148.7887;4;2;0;0
2176;0;757164.1834;2;1;0;0
2177;0.018738808;910837.0869;4;2;0;0
2178;0.008821099;559114.1442;1;1;1;0
2179;0.075764954;252464.9702;4;1;0;0
2180;0;825247.6773;4;2;0;0
2181;0.002194175;858636.7158;2;3;0;0
2182;0;1133378.873;2;2;1;0
2183;0.008534851;724090.0289;4;2;0;0
2184;0.08382462;656274.7412;4;2;0;0
2185;0;275018.9437;0;1;0;0
2186;0.020483535;1181631.438;4;1;0;0
2187;0.01680907;1617816.477;1;3;0;0
2188;0.013855077;903279.2927;4;1;0;0
2189;0.002520103;1457082.903;2;1;0;0
2190;0.077702999;1068942.301;4;2;0;0
2191;0.019921735;328886.9246;1;1;0;0
2192;0.017299045;1095205.066;4;2;0;0
2193;0;393462.848;4;1;2;0
2194;0.078099124;825975.9897;4;2;0;0
2195;0.009272463;1037911.64;1;2;0;1
2196;0.008461297;357392.0612;4;1;0;0
2197;0;637925.2125;4;1;0;0
2198;0.020456254;949733.7835;4;6;0;0
2199;0.02506784;1105520.472;1;2;1;0
2200;0.006493735;1252900.418;4;2;0;0
2201;0;250208.989;4;1;0;0
2202;0.089444123;1106198.599;4;2;0;0
2203;0.034339923;1610254.086;4;4;0;0
2204;0.030454932;1544872.656;4;2;0;0
2205;0;577921.2199;1;1;0;0
2206;0.009366278;558920.0884;2;5;0;0
2207;0.020191371;1813844.609;3;3;0;0
2208;0.041819565;1215962.387;2;2;3;0
2209;0.014699809;864500.8522;3;2;0;0
2210;0.004719476;582267.859;4;1;0;0
2211;0.02193987;866367.7762;4;2;0;0
2212;0.015931135;541580.838;4;2;0;0
2213;0.018762657;988133.0708;4;2;0;0
2214;0.003305351;936663.2969;0;2;0;1
2215;0.028359689;610585.1988;2;2;0;0
2216;0.013355306;1328910.15;1;1;2;0
2217;0.003201849;1068133.186;3;2;0;0
2218;0.002543115;1568941.986;4;1;0;0
2219;0.015910588;983496.2786;4;2;0;0
2220;0.024652157;1349172.067;1;2;2;0
2221;0.02495005;914387.1779;4;2;0;0
2222;0.024325695;924618.8161;2;3;2;0
2223;0.014924327;613093.0579;4;1;0;0
2224;0.036824033;1259585.503;4;3;0;0
2225;0.002998035;1228805.404;1;2;1;1
2226;0;784585.8379;4;1;0;0
2227;0.016207509;1356285.456;2;2;3;0
2228;0.037041858;1344641.603;4;2;0;0
2229;0.040054698;1898403.628;4;3;0;0
2230;0.012483713;578674.0276;4;5;2;0
2231;0;603079.867;4;2;0;0
2232;0.002959994;711488.0271;4;1;0;0
2233;0.029633898;832964.8276;1;2;1;0
2234;0.048349712;657004.9143;4;2;0;0
2235;0;739855.183;4;2;0;0
2236;0.011740189;903562.7491;3;4;0;0
2237;0;1024357.114;4;2;0;0
2238;0.016937286;537039.8767;4;1;0;0
2239;0;407090.9549;0;1;0;0
2240;0.066184826;1153074.036;4;3;1;0
2241;0.007043743;756415.7482;2;2;0;0
2242;0.060918737;1236351.954;1;3;1;0
2243;0.008284644;957433.702;1;2;2;0
2244;0.027197134;395776.949;4;1;0;0
2245;0.018943721;545404.9519;1;1;0;0
2246;0.04154741;498225.8396;4;1;0;0
2247;0.017863581;882018.323;1;2;1;0
2248;0.003028709;515071.2444;1;1;2;0
2249;0.00631451;1339612.677;4;3;0;0
2250;0.006449159;1559273.147;0;2;0;1
2251;0.021435795;418178.8751;4;1;0;0
2252;0.01805865;1795482.763;3;2;0;0
2253;0.027143143;435027.1986;4;1;0;0
2254;0.043677345;1489650.669;3;3;0;0
2255;0.032130085;746590.0816;4;2;0;0
2256;0;700156.2207;4;1;0;0
2257;0.00223745;670406.0976;4;1;0;0
2258;0.004602936;743003.8156;4;2;0;0
2259;0.046495449;1433021.671;1;2;2;0
2260;0;449238.9858;3;1;0;0
2261;0;1635504.273;0;2;0;1
2262;0;786632.6932;3;2;0;0
2263;0.016215773;621616.9261;0;1;0;0
2264;0.005272658;1665952.695;2;1;1;0
2265;0.015168773;1376644.387;1;3;0;0
2266;0.013800785;633877.2214;2;1;0;0
2267;0.019464696;1602901.302;2;3;0;0
2268;0.02145398;1097511.59;2;3;0;0
2269;0.002071613;857303.0113;4;2;0;0
2270;0;1231321.66;2;3;1;0
2271;0.1208269;1124162.108;4;2;0;0
2272;0.021371802;494109.178;2;2;0;0
2273;0.002065575;871428.3014;4;2;0;0
2274;0.009298064;593672.2282;0;1;0;0
2275;0.08429683;1678437.776;1;2;0;0
2276;0.016599599;977372.8835;0;2;1;1
2277;0.013289721;621231.7124;3;1;0;0
2278;0;406813.0755;4;1;0;0
2279;0.036913052;876763.3424;4;2;0;0
2280;0.006883317;903052.7639;4;2;0;0
2281;0;817039.2554;1;1;1;0
2282;0.026937574;1000089.841;4;2;0;0
2283;0.040096521;1791975.965;3;4;0;0
2284;0;1025440.094;0;2;0;1
2285;0.010434102;552036.1375;4;1;0;0
2286;0.022868661;535754.8678;3;2;0;0
2287;0;579421.7376;3;1;0;0
2288;0.026357111;1054023.14;3;1;0;0
2289;0.000677145;1754425.776;3;3;0;0
2290;0.076546177;881089.3327;4;2;0;0
2291;0.010202351;866858.6974;3;2;0;0
2292;0.037646424;1049024.136;0;3;0;0
2293;0.015439574;1918965.123;4;2;0;0
2294;0.064903632;1526878.713;3;2;0;0
2295;0.014085264;1079213.083;4;2;0;0
2296;0.072548106;494402.8348;4;2;0;0
2297;0.010757038;1114619.477;1;1;0;0
2298;0.081273191;533902.8688;4;2;0;0
2299;0.065877669;779808.7156;4;2;0;0
2300;0.008483343;1853042.922;1;2;2;0
2301;0.003683176;957869.3402;0;2;0;0
2302;0;587363.1891;1;1;2;0
2303;0.016238274;424182.9277;1;1;0;0
2304;0;653949.9974;0;1;0;0
2305;0;536965.1064;0;1;0;0
2306;0.011911426;480547.1849;4;2;0;0
2307;0.001920055;968722.399;3;2;0;0
2308;0.008538795;1142550.251;3;2;0;0
2309;0.018226402;647192.9192;2;1;0;0
2310;0.013513109;1067408.152;0;1;0;0
2311;0.020599229;704104.1928;4;3;0;0
2312;0;841862.1665;3;1;0;0
2313;0.011741443;1121156.791;4;2;0;0
2314;0.037867721;793498.981;4;2;0;0
2315;0;537264.7625;2;1;1;0
2316;0.001185158;1918732.719;4;2;0;0
2317;0.0071693;800635.9136;3;1;0;0
2318;0.005321141;595361.2466;4;1;0;0
2319;0;1273730.794;2;1;0;0
2320;0.027136941;269743.0671;4;1;0;0
2321;0.022633646;587443.8567;1;1;0;0
2322;0;423454.1826;2;1;1;0
2323;0;730967.8715;4;1;0;0
2324;0.00310998;459167.0915;0;2;0;0
2325;0.019282378;239597.0856;1;1;0;0
2326;0;267393.1215;3;1;0;0
2327;0.00324097;329530.8524;0;1;0;0
2328;0.051140614;477506.9528;2;1;0;0
2329;0;274418.9813;2;1;0;0
2330;0.024160534;611907.2832;2;2;0;0
2331;0;300099.0617;4;1;0;0
2332;0.005623866;757486.3032;4;2;0;0
2333;0;304672.9341;0;1;0;0
2334;0;724031.3348;2;2;0;0
2335;0.022685044;587171.088;4;1;0;0
2336;0.054987218;830593.0231;1;1;0;0
2337;0.031551141;244175.0346;2;1;0;0
2338;0.023497852;3365329.789;4;2;0;0
2339;0.010886009;1140913.724;3;2;0;0
2340;0.008938836;2132156.003;2;2;2;0
2341;0.020600323;789307.9133;1;2;0;0
2342;0.010099338;422998.0921;1;2;0;0
2343;0.008438782;693938.7962;1;1;0;0
2344;0.003732896;1052801.531;0;2;0;0
2345;0.044920526;721540.8872;4;2;0;0
2346;0.031436346;648993.9742;3;1;0;0
2347;0.0130509;2143606.114;1;2;0;0
2348;0.018460907;555119.2573;1;1;0;0
2349;0.017677553;1640046.288;3;3;0;0
2350;0.003155122;391743.908;1;1;0;0
2351;0;995246.9666;0;2;1;0
2352;0.013286738;1132557.706;2;1;0;0
2353;0.02962986;514751.0749;3;1;0;0
2354;0.03333158;742359.2842;4;2;0;0
2355;0.01150618;469312.8163;1;1;1;0
2356;0.027761932;660904.9295;2;2;0;0
2357;0;967274.8916;2;1;0;0
2358;0.056349274;1642754.362;2;3;1;0
2359;0.046753079;1849289.662;1;2;2;1
2360;0.02930047;454805.0435;2;2;0;0
2361;0.00185312;641080.7125;4;2;0;0
2362;0;522100.8437;4;1;0;0
2363;0;2025144.356;4;3;1;0
2364;0.012338356;708035.9369;4;2;0;0
2365;0.028898537;305621.0467;2;1;0;0
2366;0.006627862;1075459.891;0;2;1;0
2367;0.063915081;264162.9943;0;1;0;0
2368;0;749187.708;1;2;3;1
2369;0.026422581;485947.9564;3;2;0;0
2370;0.026957432;1293595.435;2;2;0;0
2371;0;978996.0759;1;2;2;0
2372;0.073754013;888032.8303;4;2;0;0
2373;0.052522093;906627.8491;4;2;0;0
2374;0.039698731;439207.9339;2;1;0;0
2375;0.02196105;1356447.148;2;1;0;0
2376;0;1793126.465;1;2;2;0
2377;0.063723661;1779245.206;3;2;0;0
2378;0.038233828;1904412.98;3;3;0;0
2379;0;459734.0785;1;1;0;0
2380;0.017125517;620827.7911;1;1;0;0
2381;0.019569166;1875808.856;3;2;0;0
2382;0.050771497;807066.9915;2;1;0;0
2383;0.093330003;541005.2558;2;1;0;0
2384;0.009731047;837319.827;2;1;0;0
2385;0;400178.824;4;1;0;0
2386;0.018518779;497656.9407;1;1;1;0
2387;0.034067519;380420.826;1;1;0;0
2388;0.002444512;647982.1961;0;2;0;1
2389;0.008378562;1787418.842;4;2;0;0
2390;0.00202006;1295011.227;1;1;1;0
2391;0;497658.8391;1;1;0;0
2392;0.023957089;398212.119;4;1;0;0
2393;0.004163907;1354496.496;4;2;0;0
2394;0;1090874.925;4;2;0;0
2395;0.042366672;517199.1295;1;1;0;0
2396;0.011320655;682646.2254;4;1;0;0
2397;0;1168037.661;2;3;2;0
2398;0.010175633;655684.1836;4;1;0;0
2399;0;916624.0441;1;1;0;0
2400;0.005667992;1310517.6;1;2;5;0
2401;0.106952637;594450.0887;4;1;0;0
2402;0.128394082;787730.9892;4;1;0;0
2403;0.016725464;1117098.983;1;2;0;1
2404;0;1101790.317;2;1;1;0
2405;0.004330721;1518453.49;2;2;4;0
2406;0.005980062;1808007.24;1;2;2;0
2407;0;450453.9329;4;1;0;0
2408;0.087606564;1063071.316;1;2;0;0
2409;0.02983007;993226.4;3;1;0;0
2410;0.006827424;404252.0521;4;1;0;0
2411;0;514519.9106;1;1;1;0
2412;0.008682136;1015878.685;0;2;2;0
2413;0;814642.8734;2;1;0;0
2414;0.043353945;1013540.717;3;2;1;0
2415;0.019940551;1307687.348;0;2;0;0
2416;0.009031101;555414.2131;0;2;0;0
2417;0.005207923;875589.343;1;2;0;1
2418;0.009702886;942400.4144;3;3;0;0
2419;0.026470112;777253.8948;2;1;0;0
2420;0.009897162;871562.9433;4;2;0;0
2421;0;347979.9329;1;1;1;0
2422;0.056094803;870454.8446;3;1;0;0
2423;0.002822242;616531.2915;2;2;1;0
2424;0.007199048;796771.8001;2;2;0;0
2425;0.01187466;858971.6948;2;2;2;0
2426;0.020729467;719266.1317;0;1;0;0
2427;0.024931559;955214.7538;1;1;0;0
2428;0.003071662;757896.012;2;1;0;0
2429;0.032486189;1054602.291;4;1;0;0
2430;0;1166550.401;3;6;1;0
2431;0.060041521;697916.9344;3;1;0;0
2432;0.001466542;1677415.251;1;2;0;0
2433;0.017137198;724038.9302;2;1;0;0
2434;0;523213.8708;1;1;0;0
2435;0;483103.8627;1;1;0;0
2436;0.015534008;1120123.333;3;2;0;0
2437;0.076890975;793278.8004;1;2;1;0
2438;0.031261221;765805.2446;2;2;0;0
2439;0.051660027;758904.2457;4;1;0;0
2440;0.031748638;2093947.535;3;3;0;0
2441;0.00785136;895640.7018;4;1;0;0
2442;0.033199597;1786617.853;2;2;0;0
2443;0.069834277;406047.1743;3;1;0;0
2444;0.040360596;1623761.25;1;2;0;0
2445;0.002692817;1221026.58;4;2;0;0
2446;0.061842505;563884.2369;4;1;0;0
2447;0.010587629;384221.8544;4;1;0;0
2448;0.0121953;612039.182;1;1;0;0
2449;0.069362983;1058432.073;4;2;0;0
2450;0.001227571;586524.1193;2;1;0;0
2451;0.018605879;863597.7246;0;2;1;0
2452;0;894265.7234;1;2;0;2
2453;0.043378085;500436.8301;4;2;0;0
2454;0.003006637;327275.8942;4;1;0;0
2455;0.010391919;972294.0878;4;1;0;0
2456;0.064367868;580911.1931;2;1;0;0
2457;0.050165884;802058.8992;3;3;0;0
2458;0;510124.1083;0;1;0;0
2459;0.010663504;920523.2035;4;2;0;0
2460;0.030973509;1572957.091;3;2;0;0
2461;0;448075.1726;1;1;0;0
2462;0;298549.0301;2;1;0;0
2463;0.120012604;1037890.854;2;1;0;0
2464;0.037041306;971294.0976;2;1;0;0
2465;0;1592300.196;3;6;0;0
2466;0.036882479;934562.8937;3;2;1;0
2467;0.017943915;1382306.594;2;2;1;0
2468;0;371738.1176;0;2;0;0
2469;0.040165409;602633.1474;3;1;0;0
2470;0.023911815;604721.8274;4;1;0;0
2471;0.0038824;893261.6441;0;2;0;0
2472;0.002176883;1565541.685;1;2;2;0
2473;0.016939012;1228525.357;1;1;0;0
2474;0.007293697;1123709.779;0;2;1;0
2475;0.021593677;711272.9663;0;2;0;0
2476;0.013355223;1028810.699;3;2;0;0
2477;0;554073.0853;1;1;0;0
2478;0;863716.3298;1;1;0;0
2479;0.072538018;2009235.091;4;2;0;0
2480;0;514036.8134;0;2;0;0
2481;0.052907832;238150.0562;2;1;0;0
2482;0;1326829.528;1;2;3;0
2483;0.030501956;578717.0748;1;1;0;0
2484;0.023117237;1377457.294;4;2;0;0
2485;0.051636651;912839.7677;4;1;0;0
2486;0.053202935;435991.1883;1;1;0;0
2487;0.017747706;898594.9417;3;1;0;0
2488;0.023305386;532924.125;4;2;0;0
2489;0.001739355;1428115.666;1;2;3;0
2490;0.021581011;651683.8277;4;2;0;0
2491;0.010092327;1401856.398;3;2;0;0
2492;0;466241.8252;1;1;0;0
2493;0.040881984;2184434.54;1;2;2;0
2494;0.018462848;930733.8479;2;2;2;1
2495;0.042066224;944795.9079;4;2;0;0
2496;0.063726656;446846.1859;1;2;0;0
2497;0.021945773;1247165.119;4;2;0;0
2498;0.004357658;1321810.492;2;3;1;0
2499;0.009657393;1376769.116;1;2;1;0
2500;0.057682663;935098.6997;0;2;1;0
2501;0;1802884.866;1;2;2;0
2502;0;612769.2246;3;1;0;0
2503;0.00764228;678854.8237;1;1;0;0
2504;0.13556686;354953.8978;4;1;0;0
2505;0;456114.2041;4;1;0;0
2506;0.006419101;471093.9419;3;1;0;0
2507;0.007293258;727247.1628;4;2;1;0
2508;0.010884037;669237.1092;0;1;0;0
2509;0.03710258;1116040.528;3;2;0;0
2510;0.018153012;1229547.429;4;1;0;0
2511;0.21112448;300221.0063;2;1;0;0
2512;0.007534201;484191.9335;4;3;0;0
2513;0.006537966;631389.1082;0;2;0;0
2514;0.027492648;1165838.613;4;2;0;0
2515;0.008546554;452112.1739;3;3;0;0
2516;0.011542869;1070791.092;4;2;0;0
2517;0.00982116;510734.0474;4;1;0;0
2518;0.014690289;451726.8741;0;1;0;0
2519;0.004299211;1624484.579;1;2;2;0
2520;0.002148448;536201.1003;3;1;0;0
2521;0.017668135;523315.1726;0;1;0;0
2522;0.006653699;1253888.956;2;4;0;0
2523;0.002923853;1161480.621;1;2;0;0
2524;0.011634404;844735.6865;1;2;1;0
2525;0;429397.1796;4;2;0;0
2526;0.014749381;1218762.639;1;2;2;0
2527;0.0368203;1602893.659;3;2;0;0
2528;0;340415.9809;4;1;0;0
2529;0.017713614;1418570.424;1;2;0;0
2530;0.00675744;2375456.772;1;2;3;0
2531;0;1045750.853;4;1;0;0
2532;0.037014391;1113702.499;4;2;0;0
2533;0.012613515;1646804.444;4;2;0;0
2534;0.061455309;1282021.429;2;2;2;0
2535;0.054404799;777413.2792;3;2;0;0
2536;0.018063705;1008430.727;0;2;0;1
2537;0.007155309;1536201.633;1;2;2;0
2538;0.009290326;951958.1565;0;2;0;0
2539;0.003877433;1448381.023;1;1;0;0
2540;0.019975495;586018.1233;4;2;0;0
2541;0.014202129;1006327.73;0;2;2;1
2542;0;533174.2358;1;1;0;0
2543;0.028837742;1246977.21;1;2;0;1
2544;0.006838999;515865.1601;4;2;0;0
2545;0.016377604;940796.6255;4;1;0;0
2546;0.005171288;1161025.456;1;2;0;0
2547;0.057932369;564036.982;4;1;0;0
2548;0.005869162;517280.0271;0;1;0;0
2549;0.003074002;597266.9232;1;1;3;0
2550;0.006137561;696041.8413;1;2;0;0
2551;0.024126675;852002.69;2;1;0;0
2552;0;363135.1248;0;1;0;0
2553;0.036535338;800758.854;1;2;2;0
2554;0.009268869;463486.9854;0;1;0;0
2555;0.006567072;612144.8383;1;1;2;0
2556;0.015055578;1398019.367;1;2;1;0
2557;0.013431119;1770962.005;1;2;2;0
2558;0.037290875;1061922.262;1;2;1;0
2559;0.036749199;806003.9957;1;2;0;0
2560;0.031486347;447432.0939;0;1;0;0
2561;0.001230134;517017.1561;1;1;0;0
2562;0.029536538;1091156.894;4;2;0;0
2563;0.048923708;1574941.459;3;2;0;0
2564;0.010819521;531262.2485;4;1;0;0
2565;0.012935756;1202248.8;1;2;2;0
2566;0.059284762;1020025.916;2;1;0;0
2567;0.036219981;762672.7158;4;2;0;0
2568;0.049624529;760511.2166;1;1;0;0
2569;0.003537841;301879.0257;3;1;0;0
2570;0.092178546;370238.0001;4;1;0;0
2571;0.088560104;397695.9739;3;1;0;0
2572;0.020582955;1274744.277;2;3;1;0
2573;0.025056325;1774960.811;4;2;0;0
2574;0.012473565;1587357.457;1;1;2;0
2575;0.000393048;793795.6784;0;2;1;1
2576;0.004491841;638491.2502;1;1;0;0
2577;0.004317781;563947.1585;0;1;0;0
2578;0.016569307;693813.0672;1;1;0;0
2579;0;267267.9429;0;1;0;0
2580;0.003718196;703567.2088;2;2;1;0
2581;0;470906.1844;2;1;1;0
2582;0;470709.0747;3;1;0;0
2583;0.025720721;1493193.694;2;2;3;0
2584;0.002631865;1463600.684;4;3;0;0
2585;0.004220173;1663439.56;2;3;0;0
2586;0.140612036;624661.9702;4;1;0;0
2587;0.012068809;1192163.827;1;2;0;1
2588;0.002910174;700988.6956;4;1;0;0
2589;0.021130718;629794.2517;0;1;0;0
2590;0.051070306;617579.945;0;2;2;0
2591;0.034665346;980345.1857;4;2;0;0
2592;0.005550971;799859.7639;2;1;0;0
2593;0.004668305;781439.8298;1;1;0;0
2594;0.029887699;470159.9378;1;1;0;0
2595;0;648776.1478;0;1;3;0
2596;0;912562.1039;1;2;0;0
2597;0;732823.1278;2;1;2;0
2598;0.029106162;842502.291;1;1;0;0
2599;0.030164775;1746009.999;1;2;1;0
2600;0.054114312;672797.6828;3;2;0;0
2601;0.012150432;1566364.554;4;2;0;0
2602;0.002771699;593138.0042;4;1;0;0
2603;0.004485422;666157.7149;1;1;0;0
2604;0;617592.9024;4;1;0;0
2605;0.012795057;585226.1806;1;2;1;0
2606;0.00863031;778650.917;0;1;0;0
2607;0.013741864;687242.8753;2;2;1;0
2608;0.05886912;1178002.796;1;2;0;0
2609;0.023247626;1147471.741;0;2;0;0
2610;0;662804.19;3;1;0;0
2611;0.006251954;479850.1804;3;2;0;0
2612;0.005733741;832964.0332;1;2;1;0
2613;0.004333952;1517321.49;2;3;0;0
2614;0;543736.8226;2;1;2;0
2615;0.026924916;1254860.323;1;2;0;0
2616;0;1206408.798;1;2;0;0
2617;0.002712898;703306.9191;1;1;1;0
2618;0.036165662;649677.012;0;1;0;0
2619;0.009110965;2233792.11;1;2;0;1
2620;0.077544488;742476.8163;1;1;0;0
2621;0.095635921;988708.0759;1;1;0;0
2622;0.001932593;608508.764;3;1;0;0
2623;0.011906506;1439801.139;4;2;0;0
2624;0.003281845;1075004.604;1;2;0;0
2625;0.007115975;1109615.584;1;1;2;0
2626;0.008179887;909548.0666;4;1;0;0
2627;0.019653112;1425931.396;2;3;0;0
2628;0.019274687;1285623.459;4;1;0;0
2629;0.000977024;2247641.405;1;2;0;0
2630;0;742753.0193;2;2;1;0
2631;0.028991133;1092471.974;1;2;0;0
2632;0.029827898;1404456.431;2;2;1;0
2633;0.001778583;620718.8602;2;1;0;0
2634;0.024375932;1581396.649;4;2;0;0
2635;0.004254703;1548403.778;2;1;1;0
2636;0.041824676;1142890.263;4;2;0;0
2637;0.050008249;1278989.228;4;1;0;0
2638;0.078793891;1062721.605;2;2;0;0
2639;0;703753.7643;4;1;0;0
2640;0.04713361;686367.8106;1;1;0;0
2641;0.008063342;467299.9402;3;1;0;0
2642;0.005510476;1829242.698;2;2;3;0
2643;0.015408015;2728450.394;2;2;0;0
2644;0.034983352;270300.0667;3;1;0;0
2645;0;524712.9411;0;1;0;0
2646;0;934127.165;2;1;0;0
2647;0.011348889;1096494.7;2;2;0;0
2648;0.074886486;1293638.614;4;2;0;0
2649;0;295010.8961;0;2;0;0
2650;0.005145461;1805085.276;3;3;0;0
2651;0.028365396;924118.979;1;2;0;0
2652;0;1008774.117;2;2;0;0
2653;0.03560942;1156547.576;3;1;0;0
2654;0.005464925;1649061.248;0;2;1;0
2655;0.013144586;1038146.257;2;1;0;0
2656;0.036338635;981710.198;2;1;0;0
2657;0.013159819;560797.8944;3;2;0;0
2658;0.019346975;2589551.959;1;2;1;1
2659;0.040482413;881568.4181;4;2;0;0
2660;0.001074887;1384331.621;2;3;1;0
2661;0.004546836;625489.9793;1;2;1;0
2662;0.002349952;1531945.75;2;2;0;0
2663;0.021959268;916423.8831;1;2;1;1
2664;0.013080057;566970.2622;3;1;0;0
2665;0.007195523;1097349.369;4;2;0;0
2666;0.008203432;1554959.278;4;2;0;0
2667;0.01456696;578295.0195;1;1;0;0
2668;0.028134385;972049.3241;3;1;0;0
2669;0;439473.1531;1;1;0;0
2670;0.009827166;1664366.264;1;2;2;0
2671;0.033597697;1075788.146;4;1;0;0
2672;0.012214544;1252605.323;4;1;0;0
2673;0;607286.1008;0;1;0;0
2674;0.092782289;1035369.906;4;1;0;0
2675;0.083492756;1377353.52;4;2;0;0
2676;0.025254715;1172296.152;1;2;1;0
2677;0.00924766;738348.892;1;2;0;0
2678;0.032218546;502815.8499;1;1;0;0
2679;0.003566945;2169923.196;2;4;2;0
2680;0.007609788;433651.9943;4;2;0;0
2681;0.026123496;717514.9898;2;1;0;0
2682;0.041233491;1320673.94;0;2;0;0
2683;0;705321.3049;4;1;0;0
2684;0.022426672;2491452.392;2;2;4;0
2685;0.035202228;1537004.683;4;2;0;0
2686;0.010318758;1643221.291;2;1;2;0
2687;0;762213.1745;1;1;0;0
2688;0.00779835;1134085.986;0;2;0;0
2689;0.016830403;1088031.229;2;1;0;0
2690;0.024241105;790063.2754;1;1;0;0
2691;0.017563652;1394300.54;1;2;2;0
2692;0.007277098;1475863.611;1;2;2;0
2693;0.009061228;4530844.376;3;3;0;0
2694;0;1101315.481;4;1;0;0
2695;0.068532191;626347.7571;1;1;0;0
2696;0.038891464;653511.0914;4;2;0;0
2697;0.004277096;537748.1501;1;1;0;0
2698;0.015742693;1179976.068;1;2;2;0
2699;0.032279283;1132676.523;4;2;0;0
2700;0.004005907;1647566.32;4;2;0;0
2701;0;647313.9039;1;1;0;0
2702;0.005939146;1543993.343;1;2;3;0
2703;0.039506543;1015932.941;3;3;0;0
2704;0.018524274;781893.0665;4;1;0;0
2705;0.001709514;701954.0267;4;1;0;0
2706;0.011151603;1097599.514;3;1;0;0
2707;0.059546169;1385446.319;2;2;2;0
2708;0.075275853;1713604.773;4;3;0;0
2709;0.044587091;1448962.661;1;2;0;0
2710;0.001697107;388897.0397;4;1;0;0
2711;0.003264696;1021840.776;0;2;0;1
2712;0.068642974;874961.6277;2;3;1;0
2713;0.003681187;1398462.077;2;2;3;0
2714;0.050159924;586843.0372;4;2;0;0
2715;0.017103352;441316.9216;4;1;0;0
2716;0.01186412;774773.2017;4;4;0;0
2717;0.025354374;463352.1902;4;1;0;0
2718;0;313329.0733;4;1;0;0
2719;0;456283.8795;2;1;0;0
2720;0;280285.989;0;1;0;0
2721;0.00518237;1347645.653;1;3;0;0
2722;0.026460564;759621.094;4;2;0;0
2723;0.026312478;754774.9612;4;2;0;0
2724;0.009522069;432258.876;2;1;0;0
